date,symbol,rolling_quote_vol_30d,included
2018-02-28,BTCUSDT,375614995.97605896,False
2018-02-28,ETHUSDT,126378832.93171999,False
2018-03-31,BTCUSDT,356480801.3522705,True
2018-03-31,ETHUSDT,55647095.4138299,True
2018-04-30,BTCUSDT,270263506.9469185,True
2018-04-30,ETHUSDT,60885786.29578465,True
2018-05-31,BTCUSDT,237187524.8682128,True
2018-05-31,ETHUSDT,82624541.48385864,True
2018-05-31,NEOUSDT,12656203.8494015,False
2018-06-30,BTCUSDT,205188552.73542458,True
2018-06-30,ETHUSDT,58268218.22064935,True
2018-06-30,LTCUSDT,11995324.552882701,False
2018-06-30,NEOUSDT,7183446.239572,True
2018-07-31,BTCUSDT,233166760.47802925,True
2018-07-31,ETHUSDT,73594608.1096031,True
2018-07-31,NEOUSDT,20175723.017417,True
2018-07-31,LTCUSDT,13220602.5281102,True
2018-08-31,BTCUSDT,303872497.42372805,True
2018-08-31,ETHUSDT,84025641.8783419,True
2018-08-31,NEOUSDT,12935299.2342285,True
2018-08-31,LTCUSDT,10947865.8847233,True
2018-09-30,BTCUSDT,233969724.82426935,True
2018-09-30,ETHUSDT,101644886.98267455,True
2018-09-30,NEOUSDT,15507988.2092005,True
2018-09-30,LTCUSDT,13310545.934283849,True
2018-10-31,BTCUSDT,106539767.10461344,True
2018-10-31,XRPUSDT,37902694.130087495,False
2018-10-31,ETHUSDT,23408910.69888175,True
2018-10-31,ADAUSDT,9027319.000440001,False
2018-10-31,LTCUSDT,8641773.405459851,True
2018-10-31,NEOUSDT,7538720.030363,True
2018-11-30,BTCUSDT,152766063.413126,True
2018-11-30,XRPUSDT,46779408.3205775,True
2018-11-30,ETHUSDT,44144019.1998247,True
2018-11-30,EOSUSDT,14607254.071901001,False
2018-11-30,XLMUSDT,11818081.766492,False
2018-11-30,ADAUSDT,6593206.142129,True
2018-11-30,LTCUSDT,5415241.031746451,True
2018-11-30,NEOUSDT,5119506.195737001,True
2018-11-30,IOTAUSDT,1949050.155115,False
2018-12-31,BTCUSDT,164001453.2960199,True
2018-12-31,ETHUSDT,54158833.77138255,True
2018-12-31,EOSUSDT,27326722.9670095,True
2018-12-31,XRPUSDT,26227673.515935,True
2018-12-31,TRXUSDT,8860446.06340053,False
2018-12-31,ADAUSDT,6536960.657715499,True
2018-12-31,XLMUSDT,5240362.999124,True
2018-12-31,LTCUSDT,5174832.8008395005,True
2018-12-31,NEOUSDT,4641881.407003,True
2018-12-31,ETCUSDT,4440494.0847775005,False
2018-12-31,IOTAUSDT,1208931.420911,True
2019-01-31,BTCUSDT,102866413.54652837,True
2019-01-31,ETHUSDT,51677435.091550544,True
2019-01-31,TRXUSDT,20354132.6747645,True
2019-01-31,XRPUSDT,17716590.1682445,True
2019-01-31,EOSUSDT,13879438.764871,True
2019-01-31,ADAUSDT,6209090.547523,True
2019-01-31,LTCUSDT,5634391.28297465,True
2019-01-31,XLMUSDT,4187801.2236615,True
2019-01-31,NEOUSDT,3929043.697916,True
2019-01-31,ETCUSDT,2335040.3398205,True
2019-01-31,VETUSDT,1476414.5399325,False
2019-02-28,BTCUSDT,94082877.93891579,True
2019-02-28,ETHUSDT,43766545.97035605,True
2019-02-28,XRPUSDT,20112533.6350085,True
2019-02-28,EOSUSDT,17181706.2889875,True
2019-02-28,LTCUSDT,14175470.71572045,True
2019-02-28,TRXUSDT,10752770.070677001,True
2019-02-28,NEOUSDT,5106478.64879,True
2019-02-28,XLMUSDT,4108354.141311,True
2019-02-28,ADAUSDT,3787802.8702045,True
2019-02-28,ETCUSDT,1659245.5847925,True
2019-02-28,VETUSDT,1386166.435241,True
2019-02-28,IOTAUSDT,1042629.7628855,True
2019-03-31,BTCUSDT,95048843.52466208,True
2019-03-31,ETHUSDT,34575312.36796145,True
2019-03-31,EOSUSDT,22628499.5683045,True
2019-03-31,XRPUSDT,15846158.467971,True
2019-03-31,LTCUSDT,14875353.6392068,True
2019-03-31,ADAUSDT,9265776.122564,True
2019-03-31,TRXUSDT,5668817.359792501,True
2019-03-31,XLMUSDT,4840730.2394095,True
2019-03-31,NEOUSDT,4545715.880398,True
2019-03-31,VETUSDT,2144086.3601205,True
2019-03-31,ETCUSDT,2028335.0216005,True
2019-03-31,IOTAUSDT,1213047.9551755,True
2019-04-30,BTCUSDT,161558982.0251541,True
2019-04-30,ETHUSDT,59999669.64109015,True
2019-04-30,EOSUSDT,33509828.823032,True
2019-04-30,LTCUSDT,26977235.8344402,True
2019-04-30,XRPUSDT,23622328.664601,True
2019-04-30,ADAUSDT,12791812.870252,True
2019-04-30,TRXUSDT,10788293.822779,True
2019-04-30,NEOUSDT,5819817.10674,True
2019-04-30,ETCUSDT,3035283.529459,True
2019-04-30,XLMUSDT,2831894.7111575,True
2019-04-30,VETUSDT,2079179.0184905,True
2019-04-30,IOTAUSDT,2029757.715984,True
2019-05-31,BTCUSDT,372505358.82530844,True
2019-05-31,ETHUSDT,133078336.3780697,True
2019-05-31,XRPUSDT,51612954.59642699,True
2019-05-31,LTCUSDT,43740735.856157854,True
2019-05-31,EOSUSDT,37926800.383557,True
2019-05-31,TRXUSDT,26531805.64938,True
2019-05-31,ADAUSDT,12215733.348167,True
2019-05-31,NEOUSDT,8337922.217657,True
2019-05-31,XLMUSDT,5038511.624795999,True
2019-05-31,ETCUSDT,4214808.8815385,True
2019-05-31,IOTAUSDT,4104931.3816445,True
2019-05-31,VETUSDT,3327449.5878335,True
2019-06-30,BTCUSDT,382395656.4887291,True
2019-06-30,ETHUSDT,89725774.9797686,True
2019-06-30,LTCUSDT,53284515.71308005,True
2019-06-30,XRPUSDT,52585335.276292995,True
2019-06-30,EOSUSDT,45806943.68364,True
2019-06-30,TRXUSDT,26016771.755454503,True
2019-06-30,ADAUSDT,13882788.434037,True
2019-06-30,NEOUSDT,10529458.874188,True
2019-06-30,ETCUSDT,5969319.447624,True
2019-06-30,XLMUSDT,4229097.69908,True
2019-06-30,VETUSDT,3131356.5254585,True
2019-06-30,IOTAUSDT,3109784.4068205003,True
2019-07-31,BTCUSDT,601990810.1669657,True
2019-07-31,ETHUSDT,73676663.50128835,True
2019-07-31,EOSUSDT,29228476.914413,True
2019-07-31,LTCUSDT,27479923.4219446,True
2019-07-31,XRPUSDT,27475342.094225504,True
2019-07-31,LINKUSDT,18277108.7367275,False
2019-07-31,TRXUSDT,14983598.127872,True
2019-07-31,NEOUSDT,6563045.781158,True
2019-07-31,ADAUSDT,6219997.488001499,True
2019-07-31,ETCUSDT,2828180.223538,True
2019-07-31,XLMUSDT,2487429.3078114996,True
2019-07-31,VETUSDT,1707144.593463,True
2019-07-31,IOTAUSDT,1248129.0877495,True
2019-07-31,WAVESUSDT,1091791.20274,False
2019-08-31,BTCUSDT,378350165.3170117,True
2019-08-31,ETHUSDT,44650227.782690704,True
2019-08-31,XRPUSDT,15845781.808722,True
2019-08-31,LTCUSDT,13754836.24411695,True
2019-08-31,EOSUSDT,11543292.956074499,True
2019-08-31,LINKUSDT,7906828.804501001,True
2019-08-31,TRXUSDT,7397022.4703825,True
2019-08-31,ADAUSDT,4202350.556326,True
2019-08-31,NEOUSDT,2087774.5464095,True
2019-08-31,ETCUSDT,2045912.0628385001,True
2019-09-30,BTCUSDT,313011339.4413249,True
2019-09-30,ETHUSDT,63974516.5014511,True
2019-09-30,EOSUSDT,23851221.011617,True
2019-09-30,TRXUSDT,20290534.326258,True
2019-09-30,LTCUSDT,18740047.8550377,True
2019-09-30,XRPUSDT,16066180.535402,True
2019-09-30,LINKUSDT,6044580.5715915,True
2019-09-30,ETCUSDT,5971835.613466,True
2019-09-30,ADAUSDT,4794651.810311,True
2019-09-30,XLMUSDT,1805694.4587235,True
2019-09-30,FETUSDT,1559382.667196,False
2019-09-30,NEOUSDT,1362764.5939035001,True
2019-10-31,BTCUSDT,277743353.5950425,True
2019-10-31,ETHUSDT,62210166.2943,True
2019-10-31,XRPUSDT,30736692.9379745,True
2019-10-31,LINKUSDT,19085834.2331025,True
2019-10-31,EOSUSDT,18673805.4916645,True
2019-10-31,TRXUSDT,14619290.174265001,True
2019-10-31,LTCUSDT,14182119.37380595,True
2019-10-31,ADAUSDT,5308554.4122495,True
2019-10-31,ETCUSDT,3789672.2576195,True
2019-10-31,MATICUSDT,3413426.5677405,False
2019-10-31,XLMUSDT,3354849.8793594996,True
2019-10-31,ATOMUSDT,2178938.436065,False
2019-10-31,XMRUSDT,1944781.4166811998,False
2019-10-31,FETUSDT,1855289.6762009999,True
2019-10-31,NEOUSDT,1454927.6145370002,True
2019-10-31,BATUSDT,1317707.754376,False
2019-11-30,BTCUSDT,362831846.2160534,True
2019-11-30,ETHUSDT,51576164.232039556,True
2019-11-30,EOSUSDT,22995878.6756315,True
2019-11-30,XRPUSDT,21252884.3634625,True
2019-11-30,LTCUSDT,17044585.531651348,True
2019-11-30,TRXUSDT,12212836.293048,True
2019-11-30,VETUSDT,12034901.8318575,False
2019-11-30,LINKUSDT,9842830.608881999,True
2019-11-30,ADAUSDT,5936600.221119501,True
2019-11-30,NEOUSDT,5478330.4029535,True
2019-11-30,XLMUSDT,5120654.9890545,True
2019-11-30,ATOMUSDT,3775443.440025,True
2019-11-30,FETUSDT,3744353.1591475,True
2019-11-30,ETCUSDT,3626165.4689845,True
2019-11-30,MATICUSDT,2950329.4304085,True
2019-11-30,XMRUSDT,1975014.5282818,True
2019-11-30,BATUSDT,1748162.3177855,True
2019-11-30,ZECUSDT,1139117.6760864002,False
2019-12-31,BTCUSDT,252834530.03026757,True
2019-12-31,ETHUSDT,32744013.710677452,True
2019-12-31,TRXUSDT,15041344.050755,True
2019-12-31,MATICUSDT,13849229.341131,True
2019-12-31,XRPUSDT,10976243.612615999,True
2019-12-31,EOSUSDT,10728036.190382,True
2019-12-31,LTCUSDT,8899046.5121888,True
2019-12-31,VETUSDT,6398842.888425,True
2019-12-31,LINKUSDT,5362938.8460535,True
2019-12-31,ATOMUSDT,4129963.4692484997,True
2019-12-31,ETCUSDT,3865903.088519,True
2019-12-31,FETUSDT,3413603.0390185,True
2019-12-31,ADAUSDT,2995626.6177594997,True
2019-12-31,XMRUSDT,1868217.74585685,True
2019-12-31,NEOUSDT,1624912.637196,True
2019-12-31,WAVESUSDT,1622499.580879,False
2019-12-31,XLMUSDT,1503553.6090325,True
2019-12-31,ZECUSDT,1388793.6877891999,True
2019-12-31,ALGOUSDT,1143353.3294105,False
2019-12-31,BATUSDT,1142628.1765565001,True
2019-12-31,DASHUSDT,1141468.1468624999,False
2020-01-31,BTCUSDT,435406679.98561937,True
2020-01-31,ETHUSDT,58346539.60236095,True
2020-01-31,ETCUSDT,37454279.952028,True
2020-01-31,LTCUSDT,27042712.73688315,True
2020-01-31,EOSUSDT,27010837.8361085,True
2020-01-31,XRPUSDT,26783570.551228,True
2020-01-31,TRXUSDT,18246810.7578035,True
2020-01-31,DASHUSDT,16782225.034394503,True
2020-01-31,LINKUSDT,10085166.659038499,True
2020-01-31,ADAUSDT,7533058.9464605,True
2020-01-31,ZECUSDT,6658355.413214801,True
2020-01-31,XLMUSDT,5884561.916427501,True
2020-01-31,MATICUSDT,4717018.1831235,True
2020-01-31,ATOMUSDT,3589098.054184,True
2020-01-31,XMRUSDT,3531227.9483168,True
2020-01-31,VETUSDT,3433060.5785125,True
2020-01-31,NEOUSDT,2942715.8705195,True
2020-01-31,IOTAUSDT,1514157.397899,False
2020-01-31,FETUSDT,1360552.7173575,True
2020-01-31,BATUSDT,1153093.4771765,True
2020-02-29,BTCUSDT,544880747.2850293,True
2020-02-29,ETHUSDT,138186523.3227532,True
2020-02-29,XRPUSDT,54928192.7226735,True
2020-02-29,LTCUSDT,52553496.712569594,True
2020-02-29,EOSUSDT,46624257.4149805,True
2020-02-29,ETCUSDT,43443197.517984,True
2020-02-29,LINKUSDT,38815646.469071,True
2020-02-29,TRXUSDT,24885492.791719,True
2020-02-29,ADAUSDT,17531128.3835745,True
2020-02-29,XLMUSDT,11664564.573890999,True
2020-02-29,DASHUSDT,11076784.03409575,True
2020-02-29,ZECUSDT,10602065.9606857,True
2020-02-29,NEOUSDT,9659827.9688155,True
2020-02-29,ATOMUSDT,8898273.452102,True
2020-02-29,MATICUSDT,8620386.876413,True
2020-02-29,VETUSDT,7344536.631406,True
2020-02-29,XMRUSDT,5728594.4127657,True
2020-02-29,ALGOUSDT,4384384.8221935,False
2020-02-29,IOTAUSDT,3979546.9876385,True
2020-02-29,BATUSDT,3401025.052775,True
2020-02-29,FETUSDT,2122912.8499025,True
2020-02-29,WAVESUSDT,1783417.3103045002,False
2020-02-29,ENJUSDT,1357247.439396,False
2020-03-31,BTCUSDT,721321887.9815407,True
2020-03-31,ETHUSDT,160830673.6624673,True
2020-03-31,LINKUSDT,51046535.401289,True
2020-03-31,XRPUSDT,39304108.061864,True
2020-03-31,EOSUSDT,34639989.6023725,True
2020-03-31,LTCUSDT,33560472.15506895,True
2020-03-31,XTZUSDT,23019280.36048,False
2020-03-31,ETCUSDT,21177370.717548497,True
2020-03-31,ADAUSDT,10093134.955062,True
2020-03-31,TRXUSDT,9944473.771527499,True
2020-03-31,MATICUSDT,7493045.5715565,True
2020-03-31,DASHUSDT,7146684.278246,True
2020-03-31,NEOUSDT,5724314.464486999,True
2020-03-31,VETUSDT,5325777.2473175,True
2020-03-31,XMRUSDT,5198755.791418601,True
2020-03-31,ZECUSDT,5035753.4057575,True
2020-03-31,ATOMUSDT,4273741.9109905,True
2020-03-31,XLMUSDT,4245203.561989,True
2020-03-31,HBARUSDT,3556948.7545505,False
2020-03-31,ALGOUSDT,2749277.044931,True
2020-03-31,BATUSDT,1921047.7170705,True
2020-03-31,IOTAUSDT,1426815.7331995,True
2020-03-31,WAVESUSDT,1031573.4704110001,True
2020-04-30,BTCUSDT,499551047.5860789,True
2020-04-30,ETHUSDT,160206388.4543302,True
2020-04-30,LINKUSDT,50769212.418021,True
2020-04-30,XRPUSDT,23687631.487379998,True
2020-04-30,EOSUSDT,23235015.335966,True
2020-04-30,XTZUSDT,22496881.833385997,True
2020-04-30,LTCUSDT,21535671.46696535,True
2020-04-30,DASHUSDT,10048674.142430902,True
2020-04-30,ETCUSDT,9956630.969316,True
2020-04-30,TRXUSDT,9207164.855842,True
2020-04-30,ADAUSDT,7830351.602930499,True
2020-04-30,XLMUSDT,6668641.063966,True
2020-04-30,ZECUSDT,5661818.7185786,True
2020-04-30,VETUSDT,4852122.425637,True
2020-04-30,MATICUSDT,4440212.1861310005,True
2020-04-30,XMRUSDT,4419597.3301847,True
2020-04-30,NEOUSDT,3517805.1379385,True
2020-04-30,ATOMUSDT,2997161.2606195,True
2020-04-30,ALGOUSDT,2667320.7027915,True
2020-04-30,BATUSDT,1939544.8415255,True
2020-04-30,KAVAUSDT,1764792.2618055,False
2020-04-30,WAVESUSDT,1163620.5653605,True
2020-04-30,IOTAUSDT,1147560.754911,True
2020-05-31,BTCUSDT,729767310.7286639,True
2020-05-31,ETHUSDT,150989437.52313977,True
2020-05-31,BCHUSDT,28505677.496383198,False
2020-05-31,XRPUSDT,24167443.676734,True
2020-05-31,LINKUSDT,22315841.778979003,True
2020-05-31,EOSUSDT,22057157.021307,True
2020-05-31,LTCUSDT,20964634.62778645,True
2020-05-31,ADAUSDT,15066738.6684275,True
2020-05-31,XTZUSDT,14181202.7499945,True
2020-05-31,ETCUSDT,13491231.0083325,True
2020-05-31,MATICUSDT,11557028.779578,True
2020-05-31,TRXUSDT,11299050.143135998,True
2020-05-31,XLMUSDT,9290578.925020501,True
2020-05-31,VETUSDT,7055484.555917,True
2020-05-31,NEOUSDT,4899522.582325,True
2020-05-31,ZECUSDT,4632424.98731435,True
2020-05-31,DASHUSDT,4586537.781329,True
2020-05-31,XMRUSDT,4094411.7759888,True
2020-05-31,ZILUSDT,3766289.52387,False
2020-05-31,BATUSDT,3138477.378358,True
2020-05-31,ALGOUSDT,2833647.8766334997,True
2020-05-31,ATOMUSDT,2819436.1629435,True
2020-05-31,ENJUSDT,2502606.3792375,False
2020-05-31,THETAUSDT,2319840.895975,False
2020-05-31,HBARUSDT,1728495.4697795,False
2020-05-31,KAVAUSDT,1601719.9135105,True
2020-05-31,IOTAUSDT,1537524.7319705,True
2020-05-31,CHZUSDT,1021061.328921,False
2020-05-31,FETUSDT,1020795.993503,False
2020-06-30,BTCUSDT,450209354.0322395,True
2020-06-30,ETHUSDT,113935711.6437653,True
2020-06-30,ADAUSDT,23247450.340311497,True
2020-06-30,BCHUSDT,18769095.15636135,True
2020-06-30,XRPUSDT,17146823.2600025,True
2020-06-30,EOSUSDT,16298381.6710195,True
2020-06-30,LINKUSDT,16056322.008214,True
2020-06-30,VETUSDT,15636732.6696355,True
2020-06-30,ZILUSDT,14579013.024624,True
2020-06-30,LTCUSDT,12441731.3387331,True
2020-06-30,XTZUSDT,8457427.3829535,True
2020-06-30,TRXUSDT,8321397.342110001,True
2020-06-30,XLMUSDT,6139638.571108,True
2020-06-30,ZECUSDT,6026570.1620688,True
2020-06-30,MATICUSDT,5834607.638102,True
2020-06-30,ETCUSDT,5773008.783848,True
2020-06-30,BATUSDT,4626287.7944885,True
2020-06-30,THETAUSDT,4103961.4229055,True
2020-06-30,NEOUSDT,4021247.413096,True
2020-06-30,XMRUSDT,3046680.51989765,True
2020-06-30,ATOMUSDT,2956790.7488705,True
2020-06-30,KAVAUSDT,2414465.156248,True
2020-06-30,DASHUSDT,2290308.02231015,True
2020-06-30,ALGOUSDT,1994598.5535,True
2020-06-30,ENJUSDT,1614192.7237985,True
2020-06-30,FETUSDT,1127868.49595,True
2020-06-30,IOTAUSDT,1074733.4111135001,True
2020-07-31,BTCUSDT,407169277.8418133,True
2020-07-31,ETHUSDT,144658060.14289743,True
2020-07-31,LINKUSDT,72010875.7858475,True
2020-07-31,ADAUSDT,53901786.978219494,True
2020-07-31,VETUSDT,42598423.64533,True
2020-07-31,XRPUSDT,31476433.011944,True
2020-07-31,XLMUSDT,21264506.473552,True
2020-07-31,XTZUSDT,20526888.791644998,True
2020-07-31,BCHUSDT,19822964.52635225,True
2020-07-31,EOSUSDT,17678389.5556005,True
2020-07-31,LTCUSDT,13535470.66690515,True
2020-07-31,TRXUSDT,12410631.6671925,True
2020-07-31,ZECUSDT,10631907.985738799,True
2020-07-31,ATOMUSDT,10288597.252269998,True
2020-07-31,ETCUSDT,8030327.879303001,True
2020-07-31,KAVAUSDT,7346248.8687575,True
2020-07-31,ALGOUSDT,7105944.859769501,True
2020-07-31,NEOUSDT,6731717.576288501,True
2020-07-31,XMRUSDT,6458962.6080947,True
2020-07-31,ZILUSDT,4846699.807624,True
2020-07-31,MATICUSDT,4437465.794730499,True
2020-07-31,BATUSDT,4428362.763083501,True
2020-07-31,DOGEUSDT,4036810.2385471,False
2020-07-31,DASHUSDT,3506915.7890026,True
2020-07-31,THETAUSDT,2603264.7510475,True
2020-07-31,FTMUSDT,2491943.6376135,False
2020-07-31,FETUSDT,2458739.51171,True
2020-07-31,IOTAUSDT,2255319.1782839997,True
2020-07-31,ONEUSDT,1689385.2235484999,False
2020-07-31,ENJUSDT,1600288.8709255,True
2020-07-31,HBARUSDT,1390554.5046655,False
2020-07-31,WAVESUSDT,1388906.200943,False
2020-08-31,BTCUSDT,684860022.3802726,True
2020-08-31,ETHUSDT,331510093.59564185,True
2020-08-31,LINKUSDT,197003425.028393,True
2020-08-31,XRPUSDT,84800832.3710845,True
2020-08-31,BCHUSDT,49308947.73953535,True
2020-08-31,EOSUSDT,47585795.0992065,True
2020-08-31,LTCUSDT,46865569.938666,True
2020-08-31,ADAUSDT,40885190.4777545,True
2020-08-31,XTZUSDT,40102738.5874825,True
2020-08-31,VETUSDT,33075366.736122,True
2020-08-31,TRXUSDT,31121218.3102915,True
2020-08-31,ZECUSDT,25161208.1210988,True
2020-08-31,ALGOUSDT,22420576.797577,True
2020-08-31,ATOMUSDT,21627829.4687875,True
2020-08-31,NEOUSDT,15827353.663844999,True
2020-08-31,KAVAUSDT,15560331.739908,True
2020-08-31,XLMUSDT,15512016.7490035,True
2020-08-31,WAVESUSDT,13315181.86766,True
2020-08-31,ETCUSDT,11387452.9408785,True
2020-08-31,ZILUSDT,10233272.046769,True
2020-08-31,THETAUSDT,9577140.586528499,True
2020-08-31,BATUSDT,8184530.9035290005,True
2020-08-31,DASHUSDT,8026902.502962351,True
2020-08-31,MATICUSDT,7998428.9178425,True
2020-08-31,XMRUSDT,7968867.64634875,True
2020-08-31,IOTAUSDT,4316269.573992,True
2020-08-31,FETUSDT,4309712.605781751,True
2020-08-31,ONEUSDT,3452357.2212965004,True
2020-08-31,DOGEUSDT,2866362.2173385,True
2020-08-31,FTMUSDT,2459641.3766805,True
2020-08-31,ENJUSDT,2333028.0150074996,True
2020-08-31,HBARUSDT,2078403.4329425,True
2020-08-31,STXUSDT,1776828.1046210001,False
2020-08-31,CHZUSDT,1446529.7516454998,False
2020-08-31,FTTUSDT,1388740.1828425,False
2020-09-30,BTCUSDT,559683109.916492,True
2020-09-30,ETHUSDT,321062885.32939243,True
2020-09-30,LINKUSDT,133079353.30733049,True
2020-09-30,TRXUSDT,44362071.219817,True
2020-09-30,XRPUSDT,33495020.4129685,True
2020-09-30,ADAUSDT,31775561.650123,True
2020-09-30,EOSUSDT,28363540.838014,True
2020-09-30,BCHUSDT,24831098.488677047,True
2020-09-30,VETUSDT,23809340.2916875,True
2020-09-30,NEOUSDT,23518969.597041503,True
2020-09-30,LTCUSDT,21259695.18463045,True
2020-09-30,ATOMUSDT,12946149.287402999,True
2020-09-30,ZECUSDT,12365998.3238484,True
2020-09-30,XTZUSDT,11606845.269444,True
2020-09-30,XMRUSDT,8559225.42561,True
2020-09-30,XLMUSDT,8421168.2757555,True
2020-09-30,THETAUSDT,7433390.072436,True
2020-09-30,ALGOUSDT,6572311.396648,True
2020-09-30,WAVESUSDT,5580622.4429755,True
2020-09-30,ETCUSDT,5354695.062144499,True
2020-09-30,FTMUSDT,5272956.090341,True
2020-09-30,KAVAUSDT,4739499.8692595,True
2020-09-30,DASHUSDT,4289964.4780477,True
2020-09-30,ZILUSDT,3733866.2203510003,True
2020-09-30,MATICUSDT,3332029.102056,True
2020-09-30,BATUSDT,3175052.322125,True
2020-09-30,FETUSDT,2111859.5535755,True
2020-09-30,IOTAUSDT,2106296.0420135,True
2020-09-30,DOGEUSDT,1790839.7296589501,True
2020-09-30,FTTUSDT,1754607.2284355,True
2020-09-30,ONEUSDT,1495155.577825,True
2020-09-30,STXUSDT,1112585.9569350001,True
2020-10-31,BTCUSDT,540775502.657757,True
2020-10-31,ETHUSDT,222217529.23106307,True
2020-10-31,LINKUSDT,87388016.900727,True
2020-10-31,XRPUSDT,37603423.19613,True
2020-10-31,BCHUSDT,35187084.72755375,True
2020-10-31,ADAUSDT,24956673.53103,True
2020-10-31,LTCUSDT,23383042.2705767,True
2020-10-31,TRXUSDT,22426923.564489,True
2020-10-31,EOSUSDT,18979530.602157,True
2020-10-31,XMRUSDT,15646545.31162365,True
2020-10-31,ZECUSDT,14075316.4991825,True
2020-10-31,VETUSDT,12053591.813177,True
2020-10-31,NEOUSDT,9643869.2446375,True
2020-10-31,ATOMUSDT,9620228.838181999,True
2020-10-31,XTZUSDT,7618267.689643,True
2020-10-31,XLMUSDT,6887886.322017,True
2020-10-31,THETAUSDT,6636102.435064999,True
2020-10-31,ETCUSDT,5213579.93912,True
2020-10-31,WAVESUSDT,4923263.319961499,True
2020-10-31,DASHUSDT,4664525.13085405,True
2020-10-31,ALGOUSDT,4217381.0579215,True
2020-10-31,ZILUSDT,3731647.6243885,True
2020-10-31,KAVAUSDT,2982781.6890895003,True
2020-10-31,FTMUSDT,2801434.78719,True
2020-10-31,MATICUSDT,1896127.009597,True
2020-10-31,BATUSDT,1813999.871336,True
2020-10-31,IOTAUSDT,1623694.2629665001,True
2020-10-31,FETUSDT,1414968.59222,True
2020-10-31,DOGEUSDT,1019278.2462557,True
2020-11-30,BTCUSDT,1472166450.7445655,True
2020-11-30,ETHUSDT,518083915.1814975,True
2020-11-30,LINKUSDT,130013523.000332,True
2020-11-30,LTCUSDT,111057405.57438855,True
2020-11-30,XRPUSDT,87897629.541163,True
2020-11-30,BCHUSDT,54802274.26157805,True
2020-11-30,ADAUSDT,39268196.0317655,True
2020-11-30,EOSUSDT,32187944.4086285,True
2020-11-30,TRXUSDT,26624080.626509503,True
2020-11-30,ZECUSDT,18944883.442341052,True
2020-11-30,VETUSDT,17767851.0900415,True
2020-11-30,XMRUSDT,13043703.03899455,True
2020-11-30,ETCUSDT,12944831.129292998,True
2020-11-30,ATOMUSDT,12044874.4379085,True
2020-11-30,XTZUSDT,11955821.440203,True
2020-11-30,NEOUSDT,11679300.587930001,True
2020-11-30,DASHUSDT,10953604.03413155,True
2020-11-30,WAVESUSDT,10041611.83854,True
2020-11-30,XLMUSDT,9733392.1054315,True
2020-11-30,KAVAUSDT,6917612.240556,True
2020-11-30,THETAUSDT,5956408.480653999,True
2020-11-30,ALGOUSDT,5447319.8465905,True
2020-11-30,ZILUSDT,4458339.085652,True
2020-11-30,BATUSDT,3736070.271163,True
2020-11-30,MATICUSDT,3429965.69258,True
2020-11-30,IOTAUSDT,3200185.301003,True
2020-11-30,FTMUSDT,2505767.3121175,True
2020-11-30,DOGEUSDT,2147035.70043075,True
2020-11-30,FETUSDT,1674518.9783585002,True
2020-11-30,ONEUSDT,1221625.9395605,True
2020-11-30,ENJUSDT,1156555.2595465002,False
2020-11-30,STXUSDT,1047048.7729035,True
2020-12-31,BTCUSDT,1706628159.4035397,True
2020-12-31,ETHUSDT,559507080.2580721,True
2020-12-31,XRPUSDT,406298999.26864946,True
2020-12-31,LTCUSDT,193755980.24894565,True
2020-12-31,BCHUSDT,85294047.0500044,True
2020-12-31,LINKUSDT,75793254.4266525,True
2020-12-31,ADAUSDT,67535058.7064175,True
2020-12-31,XLMUSDT,47372738.4750395,True
2020-12-31,EOSUSDT,40860721.114175,True
2020-12-31,TRXUSDT,28405378.656677,True
2020-12-31,VETUSDT,22671317.618213497,True
2020-12-31,ZILUSDT,21566497.578576498,True
2020-12-31,THETAUSDT,17414162.1497705,True
2020-12-31,ETCUSDT,16833723.600920502,True
2020-12-31,ZECUSDT,14576895.09408225,True
2020-12-31,XMRUSDT,14311763.26742535,True
2020-12-31,DASHUSDT,12773515.121932,True
2020-12-31,WAVESUSDT,12247060.0289095,True
2020-12-31,NEOUSDT,10638051.1284925,True
2020-12-31,ALGOUSDT,8667432.439358499,True
2020-12-31,XTZUSDT,8556699.7854235,True
2020-12-31,ATOMUSDT,8416206.1562855,True
2020-12-31,COMPUSDT,6771442.2950371,False
2020-12-31,BATUSDT,4613455.9790545,True
2020-12-31,IOTAUSDT,4170121.156691,True
2020-12-31,CHZUSDT,3756958.59601,False
2020-12-31,DOGEUSDT,3294206.64232355,True
2020-12-31,MATICUSDT,2671324.774443,True
2020-12-31,KAVAUSDT,2137752.971353,True
2020-12-31,STXUSDT,2064569.8438265,True
2020-12-31,ENJUSDT,1987734.894578,True
2020-12-31,FTMUSDT,1752846.1745195,True
2020-12-31,FETUSDT,1316195.096099,True
2020-12-31,HBARUSDT,1292941.0334939999,False
2020-12-31,ONEUSDT,1209472.4739474999,True
2021-01-31,BTCUSDT,3859221891.396002,True
2021-01-31,ETHUSDT,2383243861.3430443,True
2021-01-31,LTCUSDT,299680751.9277987,True
2021-01-31,LINKUSDT,265006127.0664075,True
2021-01-31,XRPUSDT,261946857.0776195,True
2021-01-31,ADAUSDT,237321704.4170735,True
2021-01-31,BCHUSDT,174833777.1983583,True
2021-01-31,XLMUSDT,145999131.83812398,True
2021-01-31,EOSUSDT,92364654.3994225,True
2021-01-31,TRXUSDT,66775589.093182,True
2021-01-31,VETUSDT,65168345.887812495,True
2021-01-31,ATOMUSDT,40259348.558278,True
2021-01-31,NEOUSDT,39197151.158912,True
2021-01-31,ETCUSDT,37828806.22935,True
2021-01-31,ZECUSDT,35350249.35726395,True
2021-01-31,THETAUSDT,34450542.245957,True
2021-01-31,XTZUSDT,29865838.433532,True
2021-01-31,DOGEUSDT,29210055.16065585,True
2021-01-31,ZILUSDT,29156120.093709998,True
2021-01-31,SNXUSDT,28603332.086832,False
2021-01-31,ALGOUSDT,26095954.863259,True
2021-01-31,DASHUSDT,24252963.112919003,True
2021-01-31,XMRUSDT,23383588.38207565,True
2021-01-31,WAVESUSDT,15607808.7064225,True
2021-01-31,ENJUSDT,15145542.345912,True
2021-01-31,MATICUSDT,13614356.8577525,True
2021-01-31,IOTAUSDT,12804569.7072515,True
2021-01-31,BATUSDT,12421970.0030065,True
2021-01-31,KAVAUSDT,12319548.495995,True
2021-01-31,HBARUSDT,12004030.162779,True
2021-01-31,COMPUSDT,11028051.9514171,True
2021-01-31,MKRUSDT,9676866.6442366,False
2021-01-31,CHZUSDT,6731636.924662501,True
2021-01-31,FTMUSDT,4721730.7115125,True
2021-01-31,STXUSDT,4485896.495632,True
2021-01-31,FETUSDT,3351886.079923,True
2021-01-31,FTTUSDT,2961785.6533155,False
2021-01-31,ONEUSDT,2942862.109564,True
2021-02-28,BTCUSDT,3852157104.796436,True
2021-02-28,ETHUSDT,1894739209.2718334,True
2021-02-28,ADAUSDT,667594460.7138698,True
2021-02-28,XRPUSDT,613177115.4846871,True
2021-02-28,DOGEUSDT,485974785.29144,True
2021-02-28,DOTUSDT,453886344.1944635,False
2021-02-28,LTCUSDT,328378877.47570133,True
2021-02-28,LINKUSDT,213321216.640266,True
2021-02-28,BCHUSDT,199241213.74478537,True
2021-02-28,XLMUSDT,195610676.157246,True
2021-02-28,EOSUSDT,191906638.349051,True
2021-02-28,TRXUSDT,129534775.010517,True
2021-02-28,SUSHIUSDT,120734842.44483301,False
2021-02-28,VETUSDT,110127983.08510199,True
2021-02-28,ATOMUSDT,98064920.9117195,True
2021-02-28,LUNAUSDT,79685822.9559875,False
2021-02-28,ALGOUSDT,71778620.242278,True
2021-02-28,MATICUSDT,71453732.4354665,True
2021-02-28,NEOUSDT,69201149.902197,True
2021-02-28,CRVUSDT,58521076.2169445,False
2021-02-28,XTZUSDT,57932145.34990001,True
2021-02-28,YFIUSDT,57728133.15234841,False
2021-02-28,IOTAUSDT,56877489.114841506,True
2021-02-28,FTMUSDT,56408800.3829265,True
2021-02-28,DASHUSDT,55654554.8861662,True
2021-02-28,ZECUSDT,53085276.01038115,True
2021-02-28,ETCUSDT,52339085.143952504,True
2021-02-28,THETAUSDT,40858494.747359,True
2021-02-28,ZILUSDT,40658931.5449785,True
2021-02-28,SNXUSDT,37748609.191772,True
2021-02-28,XMRUSDT,34359156.5752146,True
2021-02-28,SOLUSDT,33099834.803533003,False
2021-02-28,KAVAUSDT,29245897.316646002,True
2021-02-28,CHZUSDT,28525770.1584965,True
2021-02-28,SRMUSDT,28371439.522142,False
2021-02-28,COMPUSDT,27364879.988305897,True
2021-02-28,BATUSDT,23748873.979558,True
2021-02-28,WAVESUSDT,22912159.181754,True
2021-02-28,HBARUSDT,21073299.505494498,True
2021-02-28,ENJUSDT,19877967.7397295,True
2021-02-28,SANDUSDT,19063909.5167595,False
2021-02-28,FETUSDT,16265628.045568999,True
2021-02-28,MANAUSDT,14437796.509739,False
2021-02-28,ONEUSDT,13699586.088849,True
2021-02-28,MKRUSDT,13275816.38342005,True
2021-02-28,FTTUSDT,10637347.943402499,True
2021-02-28,STXUSDT,8170101.096738,True
2021-03-31,BTCUSDT,3651554594.320943,True
2021-03-31,ETHUSDT,1303414920.21454,True
2021-03-31,ADAUSDT,448546667.63886905,True
2021-03-31,CHZUSDT,398296534.61822647,True
2021-03-31,XRPUSDT,292647270.014246,True
2021-03-31,DOTUSDT,262257138.663827,True
2021-03-31,ENJUSDT,190512207.80961752,True
2021-03-31,LTCUSDT,177658844.72352695,True
2021-03-31,THETAUSDT,165810408.483462,True
2021-03-31,VETUSDT,144536855.4409175,True
2021-03-31,LINKUSDT,130668166.99454,True
2021-03-31,LUNAUSDT,126135708.83898449,True
2021-03-31,ONEUSDT,123895368.3507675,True
2021-03-31,UNIUSDT,109172393.04710251,False
2021-03-31,EOSUSDT,102579883.1267755,True
2021-03-31,TRXUSDT,94029963.2376875,True
2021-03-31,DOGEUSDT,91012058.10189044,True
2021-03-31,AVAXUSDT,85808589.25006899,False
2021-03-31,MATICUSDT,78443368.00129351,True
2021-03-31,XLMUSDT,73691014.0983005,True
2021-03-31,BCHUSDT,69853775.0858885,True
2021-03-31,SUSHIUSDT,67454127.74242401,True
2021-03-31,MANAUSDT,64644132.371606,True
2021-03-31,ALGOUSDT,60311531.966395006,True
2021-03-31,FTMUSDT,60166691.224425,True
2021-03-31,SANDUSDT,56230388.17962749,True
2021-03-31,HBARUSDT,50611521.319801,True
2021-03-31,ATOMUSDT,47656898.502392,True
2021-03-31,CRVUSDT,44690783.164173,True
2021-03-31,NEOUSDT,43038283.855643004,True
2021-03-31,ZILUSDT,39420200.178829,True
2021-03-31,SOLUSDT,37061904.966405004,True
2021-03-31,EGLDUSDT,36357641.4976215,False
2021-03-31,IOTAUSDT,35105075.4934665,True
2021-03-31,BATUSDT,32855229.115747496,True
2021-03-31,FETUSDT,32842194.1439635,True
2021-03-31,XTZUSDT,32160293.694822,True
2021-03-31,KAVAUSDT,29628942.1276585,True
2021-03-31,ETCUSDT,28186244.5381,True
2021-03-31,DASHUSDT,27875369.48258555,True
2021-03-31,ZECUSDT,27156859.82275425,True
2021-03-31,SRMUSDT,22535270.471309,True
2021-03-31,XMRUSDT,21991794.0727053,True
2021-03-31,YFIUSDT,20132722.40050886,True
2021-03-31,RUNEUSDT,16167788.711871501,False
2021-03-31,SNXUSDT,13106306.6268675,True
2021-03-31,FTTUSDT,12395988.2406235,True
2021-03-31,COMPUSDT,11967959.05871915,True
2021-03-31,WAVESUSDT,10076906.5733125,True
2021-03-31,STXUSDT,7251888.794191,True
2021-03-31,MKRUSDT,5741154.2976282,True
2021-04-30,BTCUSDT,3320987303.082324,True
2021-04-30,XRPUSDT,2028069556.3870094,True
2021-04-30,ETHUSDT,1799591251.0805259,True
2021-04-30,DOGEUSDT,1294848664.549201,True
2021-04-30,ADAUSDT,505172195.85848856,True
2021-04-30,VETUSDT,453123850.5607618,True
2021-04-30,CHZUSDT,422553174.9077325,True
2021-04-30,TRXUSDT,419969012.9903575,True
2021-04-30,DOTUSDT,388931409.069348,True
2021-04-30,LTCUSDT,366985500.91708374,True
2021-04-30,EOSUSDT,314302808.7674585,True
2021-04-30,FILUSDT,242744266.215895,False
2021-04-30,LINKUSDT,204403122.4439655,True
2021-04-30,BCHUSDT,198805976.3462444,True
2021-04-30,XLMUSDT,158041534.06314152,True
2021-04-30,THETAUSDT,155619470.47145152,True
2021-04-30,UNIUSDT,139268682.92784798,True
2021-04-30,SOLUSDT,131776516.32934451,True
2021-04-30,NEOUSDT,127500752.9230025,True
2021-04-30,ETCUSDT,103690312.642759,True
2021-04-30,ENJUSDT,102509179.1705535,True
2021-04-30,LUNAUSDT,96233773.283774,True
2021-04-30,AVAXUSDT,90312268.5505735,True
2021-04-30,ONEUSDT,89497279.6590385,True
2021-04-30,ATOMUSDT,86756086.3476345,True
2021-04-30,AAVEUSDT,82118561.985135,False
2021-04-30,ZECUSDT,78519968.47640635,True
2021-04-30,MATICUSDT,75007290.2824015,True
2021-04-30,SUSHIUSDT,70470521.253055,True
2021-04-30,IOTAUSDT,66944619.636463,True
2021-04-30,EGLDUSDT,66830678.816952005,True
2021-04-30,DASHUSDT,64681219.57280125,True
2021-04-30,XTZUSDT,63322451.674926504,True
2021-04-30,ALGOUSDT,63176612.3570635,True
2021-04-30,CRVUSDT,58424912.487211004,True
2021-04-30,ZILUSDT,56977856.41759,True
2021-04-30,RUNEUSDT,56328843.7125285,True
2021-04-30,MANAUSDT,53902849.0679095,True
2021-04-30,XMRUSDT,52718541.7562276,True
2021-04-30,HBARUSDT,48334527.0374055,True
2021-04-30,FTMUSDT,47823553.474893,True
2021-04-30,SRMUSDT,46159480.103932,True
2021-04-30,FTTUSDT,42614294.6135185,True
2021-04-30,BATUSDT,39932606.510373,True
2021-04-30,YFIUSDT,39533989.44222349,True
2021-04-30,COMPUSDT,33499704.79062035,True
2021-04-30,WAVESUSDT,30957867.755191997,True
2021-04-30,NEARUSDT,30662704.367462,False
2021-04-30,SANDUSDT,27706660.8924085,True
2021-04-30,FETUSDT,27539700.617971003,True
2021-04-30,KAVAUSDT,26038836.002552003,True
2021-04-30,MKRUSDT,23942972.1423759,False
2021-04-30,SNXUSDT,19884248.493728,True
2021-04-30,STXUSDT,15258248.4808435,True
2021-04-30,INJUSDT,9866780.9223905,False
2021-05-31,ETHUSDT,4371567051.705606,True
2021-05-31,BTCUSDT,4339385071.334397,True
2021-05-31,DOGEUSDT,2581757761.0082264,True
2021-05-31,XRPUSDT,1445527281.439774,True
2021-05-31,ADAUSDT,1260531918.0025778,True
2021-05-31,MATICUSDT,1013439898.4422655,True
2021-05-31,DOTUSDT,742143776.4894305,True
2021-05-31,ETCUSDT,711064681.381149,True
2021-05-31,EOSUSDT,628252742.604538,True
2021-05-31,LTCUSDT,529292042.5601951,True
2021-05-31,LINKUSDT,435739034.911776,True
2021-05-31,VETUSDT,381852370.764579,True
2021-05-31,BCHUSDT,342026207.84361416,True
2021-05-31,TRXUSDT,288784712.72813904,True
2021-05-31,XLMUSDT,212543662.239887,True
2021-05-31,SOLUSDT,190121276.2194165,True
2021-05-31,FILUSDT,184141937.9881065,True
2021-05-31,THETAUSDT,183598050.621619,True
2021-05-31,CHZUSDT,176101522.6784555,True
2021-05-31,UNIUSDT,174836549.44366252,True
2021-05-31,SUSHIUSDT,168303630.1386275,True
2021-05-31,LUNAUSDT,155493577.43145448,True
2021-05-31,AAVEUSDT,148009733.1624815,True
2021-05-31,NEOUSDT,143888641.09361,True
2021-05-31,ZECUSDT,122336264.96431956,True
2021-05-31,FTMUSDT,121282624.755333,True
2021-05-31,RUNEUSDT,110296770.052193,True
2021-05-31,AVAXUSDT,95493469.5255705,True
2021-05-31,YFIUSDT,91673442.69077513,True
2021-05-31,ATOMUSDT,91050927.936825,True
2021-05-31,DASHUSDT,76738937.15006259,True
2021-05-31,XMRUSDT,69427379.15971875,True
2021-05-31,CRVUSDT,65180189.0105035,True
2021-05-31,XTZUSDT,64159626.9615235,True
2021-05-31,ENJUSDT,62037903.4511645,True
2021-05-31,ONEUSDT,57358074.0545225,True
2021-05-31,WAVESUSDT,56067273.757106,True
2021-05-31,IOTAUSDT,54887817.105721,True
2021-05-31,ZILUSDT,54223989.9976605,True
2021-05-31,HBARUSDT,51486888.676533505,True
2021-05-31,ALGOUSDT,49910014.134922504,True
2021-05-31,SRMUSDT,41826075.485523,True
2021-05-31,MKRUSDT,39766705.05769046,False
2021-05-31,COMPUSDT,39748326.3470344,True
2021-05-31,KAVAUSDT,38850788.171285,True
2021-05-31,EGLDUSDT,38718085.657749,True
2021-05-31,NEARUSDT,36007883.20619,True
2021-05-31,MANAUSDT,35990119.783079505,True
2021-05-31,SNXUSDT,33858822.511038005,True
2021-05-31,BATUSDT,25983149.896043003,True
2021-05-31,FTTUSDT,25771613.483381,True
2021-05-31,SANDUSDT,19679182.089874998,True
2021-05-31,FETUSDT,17319536.2651515,True
2021-05-31,AXSUSDT,15406283.533198498,False
2021-05-31,INJUSDT,14158506.407714,False
2021-05-31,STXUSDT,9591981.512764,False
2021-06-30,BTCUSDT,3204485839.694007,True
2021-06-30,ETHUSDT,1810574490.7660675,True
2021-06-30,MATICUSDT,523271133.4693575,True
2021-06-30,DOGEUSDT,498600906.58228695,True
2021-06-30,ADAUSDT,489433849.77437305,True
2021-06-30,XRPUSDT,432635931.218143,True
2021-06-30,DOTUSDT,303468636.12943804,True
2021-06-30,LINKUSDT,186137820.97733802,True
2021-06-30,SOLUSDT,185427189.85217398,True
2021-06-30,VETUSDT,177111794.1172765,True
2021-06-30,FILUSDT,133885431.6502015,True
2021-06-30,THETAUSDT,132270130.91162649,True
2021-06-30,LTCUSDT,129436025.6771637,True
2021-06-30,ETCUSDT,109336055.212859,True
2021-06-30,EOSUSDT,92177443.9228295,True
2021-06-30,CHZUSDT,91271304.70135099,True
2021-06-30,TRXUSDT,85042386.398884,True
2021-06-30,LUNAUSDT,61773948.620069504,True
2021-06-30,RUNEUSDT,61117211.382688,True
2021-06-30,BCHUSDT,60907207.75193265,True
2021-06-30,AAVEUSDT,55019993.167417005,True
2021-06-30,UNIUSDT,51240213.543908,True
2021-06-30,XLMUSDT,47067430.1792015,True
2021-06-30,FTMUSDT,43628940.1337665,True
2021-06-30,SUSHIUSDT,38867645.553320006,True
2021-06-30,WAVESUSDT,35716550.712036,True
2021-06-30,CRVUSDT,35550865.0429925,True
2021-06-30,NEOUSDT,35413207.765075,True
2021-06-30,XMRUSDT,33122486.87361785,True
2021-06-30,ZECUSDT,32440490.5772513,True
2021-06-30,KAVAUSDT,32373459.054312497,True
2021-06-30,ENJUSDT,31343361.731746003,True
2021-06-30,1INCHUSDT,29013476.34499,False
2021-06-30,ATOMUSDT,28834590.009205997,True
2021-06-30,ZILUSDT,27741862.9591335,True
2021-06-30,AVAXUSDT,23962660.7371155,True
2021-06-30,DASHUSDT,21542396.10454775,True
2021-06-30,GRTUSDT,21343578.350294,False
2021-06-30,ALGOUSDT,20946958.845159,True
2021-06-30,YFIUSDT,20251563.716095354,True
2021-06-30,HBARUSDT,20195410.926185,True
2021-06-30,IOTAUSDT,17194267.349798,True
2021-06-30,NEARUSDT,16694919.2957985,True
2021-06-30,XTZUSDT,16135006.983866502,True
2021-06-30,EGLDUSDT,14578068.110933501,True
2021-06-30,ONEUSDT,14242275.138933,True
2021-06-30,COMPUSDT,13835092.10881115,True
2021-06-30,FETUSDT,13345287.668761,True
2021-06-30,MKRUSDT,11877636.2744123,True
2021-06-30,FTTUSDT,10558388.7514465,True
2021-06-30,SRMUSDT,10224037.5766255,True
2021-06-30,SNXUSDT,9747368.1190405,True
2021-06-30,MANAUSDT,8615681.860163499,True
2021-06-30,BATUSDT,8166266.38466,True
2021-06-30,AXSUSDT,7283566.950638,False
2021-06-30,SANDUSDT,7276451.326254,False
2021-06-30,INJUSDT,5197801.8271795,False
2021-06-30,STXUSDT,4745174.766733,False
2021-07-31,BTCUSDT,1639441277.9392955,True
2021-07-31,ETHUSDT,1363285966.166457,True
2021-07-31,AXSUSDT,433102125.70873,False
2021-07-31,DOGEUSDT,248837860.251184,True
2021-07-31,XRPUSDT,221411484.896455,True
2021-07-31,ADAUSDT,188964879.15268052,True
2021-07-31,DOTUSDT,161044890.5691135,True
2021-07-31,MATICUSDT,148038835.3771415,True
2021-07-31,ETCUSDT,93232623.6659465,True
2021-07-31,SOLUSDT,92945661.4485775,True
2021-07-31,LINKUSDT,90969516.6905065,True
2021-07-31,THETAUSDT,86635525.412665,True
2021-07-31,LUNAUSDT,71972585.001608,True
2021-07-31,EOSUSDT,67536310.035597,True
2021-07-31,SANDUSDT,64223806.7300995,False
2021-07-31,LTCUSDT,63241203.6000181,True
2021-07-31,FILUSDT,60324193.094158,True
2021-07-31,AAVEUSDT,58561589.513155505,True
2021-07-31,VETUSDT,56342968.097163,True
2021-07-31,RUNEUSDT,48398651.6286365,True
2021-07-31,UNIUSDT,46802113.894384,True
2021-07-31,CHZUSDT,45764077.6747895,True
2021-07-31,BCHUSDT,41346553.87421845,True
2021-07-31,TRXUSDT,40084222.1966665,True
2021-07-31,ENJUSDT,38668784.7602585,True
2021-07-31,SUSHIUSDT,38073534.1080295,True
2021-07-31,COMPUSDT,33845607.092739806,True
2021-07-31,ATOMUSDT,30687944.316985,True
2021-07-31,XLMUSDT,26239869.3956935,True
2021-07-31,SNXUSDT,25305590.6058975,True
2021-07-31,MANAUSDT,24725752.983811498,True
2021-07-31,ZECUSDT,21444614.22216215,True
2021-07-31,GRTUSDT,20028273.2669155,True
2021-07-31,KAVAUSDT,19876507.1119105,True
2021-07-31,XMRUSDT,18392276.30597505,True
2021-07-31,NEOUSDT,18298197.702842,True
2021-07-31,FTMUSDT,14230259.1220055,True
2021-07-31,1INCHUSDT,13237612.9924285,True
2021-07-31,EGLDUSDT,13133576.761180501,True
2021-07-31,DASHUSDT,12923919.76175295,True
2021-07-31,CRVUSDT,12906861.6844215,True
2021-07-31,WAVESUSDT,12844688.4564385,True
2021-07-31,YFIUSDT,11730708.958514525,True
2021-07-31,FETUSDT,11725028.221324,True
2021-07-31,FTTUSDT,11419335.6141925,True
2021-07-31,XTZUSDT,11091021.749598,True
2021-07-31,NEARUSDT,10964664.8562715,True
2021-07-31,AVAXUSDT,10657420.477078,True
2021-07-31,ALGOUSDT,10377392.0120275,True
2021-07-31,IOTAUSDT,10359523.101919,True
2021-07-31,HBARUSDT,10046615.0818545,True
2021-07-31,ZILUSDT,9919557.727134999,True
2021-07-31,ONEUSDT,9913500.815825,True
2021-07-31,STXUSDT,8669729.830369499,False
2021-07-31,SRMUSDT,7018486.689537,False
2021-07-31,MKRUSDT,6493546.3532464,True
2021-07-31,BATUSDT,5333826.1859915,False
2021-07-31,INJUSDT,4244366.5890515,False
2021-08-31,BTCUSDT,2375110048.681699,True
2021-08-31,ETHUSDT,1959248419.8072731,True
2021-08-31,ADAUSDT,751916042.0782205,True
2021-08-31,XRPUSDT,620516163.43484,True
2021-08-31,DOGEUSDT,590918452.2117136,True
2021-08-31,DOTUSDT,335733924.4754645,True
2021-08-31,SOLUSDT,307965203.68649745,True
2021-08-31,AXSUSDT,244937545.7013175,True
2021-08-31,MATICUSDT,232279862.139224,True
2021-08-31,LUNAUSDT,208413966.268492,True
2021-08-31,FILUSDT,177904857.7732845,True
2021-08-31,LINKUSDT,161392344.739654,True
2021-08-31,AVAXUSDT,153974981.553372,True
2021-08-31,VETUSDT,134823958.314964,True
2021-08-31,ETCUSDT,131913346.956837,True
2021-08-31,EOSUSDT,118755874.420549,True
2021-08-31,LTCUSDT,116949327.87154046,True
2021-08-31,THETAUSDT,105725446.9825665,True
2021-08-31,CHZUSDT,89911694.171087,True
2021-08-31,RUNEUSDT,82975209.373016,True
2021-08-31,TRXUSDT,79014282.398621,True
2021-08-31,BCHUSDT,69429258.0002271,True
2021-08-31,UNIUSDT,69321274.6393075,True
2021-08-31,KAVAUSDT,65362308.773787,True
2021-08-31,SUSHIUSDT,60494339.873338506,True
2021-08-31,FTMUSDT,54784643.845717505,True
2021-08-31,GRTUSDT,54222788.9735185,True
2021-08-31,AAVEUSDT,53050381.756111,True
2021-08-31,ATOMUSDT,51895475.784943,True
2021-08-31,SANDUSDT,50147668.629181,True
2021-08-31,FTTUSDT,48257106.240669,True
2021-08-31,NEOUSDT,46900218.9585175,True
2021-08-31,XLMUSDT,46635920.657828,True
2021-08-31,NEARUSDT,40715926.8181265,True
2021-08-31,ENJUSDT,38018720.7841705,True
2021-08-31,ALGOUSDT,34975821.241471,True
2021-08-31,EGLDUSDT,31390480.870851003,True
2021-08-31,DASHUSDT,30473612.664172553,True
2021-08-31,CRVUSDT,30137990.356999,True
2021-08-31,SRMUSDT,29622864.1701555,False
2021-08-31,MANAUSDT,29620904.563602,True
2021-08-31,ZECUSDT,29301965.72333695,True
2021-08-31,COMPUSDT,29197632.03500085,True
2021-08-31,1INCHUSDT,29097881.699066,True
2021-08-31,XTZUSDT,28612475.14928,True
2021-08-31,XMRUSDT,27828108.114962548,True
2021-08-31,SNXUSDT,24770254.215242498,True
2021-08-31,ZILUSDT,23494286.132244498,True
2021-08-31,IOTAUSDT,20026594.606909998,True
2021-08-31,YFIUSDT,18496157.56485443,True
2021-08-31,ONEUSDT,18198084.296632998,False
2021-08-31,HBARUSDT,17787955.418725,False
2021-08-31,WAVESUSDT,17648272.238626,True
2021-08-31,FETUSDT,17424100.306383498,True
2021-08-31,BATUSDT,10286443.6456765,False
2021-08-31,INJUSDT,9737568.498312,False
2021-08-31,MKRUSDT,9644061.320761,False
2021-08-31,STXUSDT,5001649.405695001,False
2021-09-30,BTCUSDT,2098458299.170848,True
2021-09-30,ETHUSDT,1563328395.8743687,True
2021-09-30,SOLUSDT,999698699.21505,True
2021-09-30,ADAUSDT,558730062.26965,True
2021-09-30,DOTUSDT,478089156.1290065,True
2021-09-30,AVAXUSDT,439263647.08124995,True
2021-09-30,XRPUSDT,428889848.93625,True
2021-09-30,FTMUSDT,355037442.55745006,True
2021-09-30,FILUSDT,334980204.93990004,True
2021-09-30,LUNAUSDT,292333450.1617,True
2021-09-30,ATOMUSDT,254206342.8265,True
2021-09-30,DOGEUSDT,252042769.70235002,True
2021-09-30,FTTUSDT,212814600.6218,True
2021-09-30,LINKUSDT,211014286.7495195,True
2021-09-30,MATICUSDT,180476295.971933,True
2021-09-30,ALGOUSDT,153225751.3929865,True
2021-09-30,LTCUSDT,128381132.85695,True
2021-09-30,EOSUSDT,125119561.124737,True
2021-09-30,TRXUSDT,122590725.14877,True
2021-09-30,AXSUSDT,117341349.154876,True
2021-09-30,NEARUSDT,111506743.6199,True
2021-09-30,XTZUSDT,109000345.3488,True
2021-09-30,VETUSDT,106726105.11596149,True
2021-09-30,THETAUSDT,95521833.633,True
2021-09-30,SRMUSDT,84883003.52475,True
2021-09-30,ONEUSDT,81733468.1026695,False
2021-09-30,ETCUSDT,80326381.61205,True
2021-09-30,EGLDUSDT,77536451.49348101,True
2021-09-30,HBARUSDT,74475153.9337,False
2021-09-30,SUSHIUSDT,74090000.21925,True
2021-09-30,UNIUSDT,73837731.223219,True
2021-09-30,CHZUSDT,58250684.1322,True
2021-09-30,CRVUSDT,57077099.929467,True
2021-09-30,BCHUSDT,55889793.072050005,True
2021-09-30,AAVEUSDT,49845429.539142,True
2021-09-30,KAVAUSDT,47207602.7551,True
2021-09-30,IOTAUSDT,46284947.70955,True
2021-09-30,RUNEUSDT,43804457.0418,True
2021-09-30,FETUSDT,41936726.875867,True
2021-09-30,XLMUSDT,39412247.434149995,True
2021-09-30,GRTUSDT,38146423.604499996,True
2021-09-30,NEOUSDT,30644201.86805,True
2021-09-30,SANDUSDT,29906612.890819997,True
2021-09-30,1INCHUSDT,29023631.93095,True
2021-09-30,XMRUSDT,27220212.1531,True
2021-09-30,DASHUSDT,25577354.80872375,True
2021-09-30,ZECUSDT,25094101.4931,True
2021-09-30,ZILUSDT,24885885.829832,True
2021-09-30,SNXUSDT,24247947.800049998,True
2021-09-30,WAVESUSDT,23850715.8252635,True
2021-09-30,COMPUSDT,21590167.068099998,True
2021-09-30,MANAUSDT,16364016.567119502,True
2021-09-30,YFIUSDT,15251603.166767899,True
2021-09-30,ENJUSDT,15230007.2308,True
2021-09-30,INJUSDT,10247045.0799,False
2021-09-30,MKRUSDT,10191492.4983,False
2021-09-30,BATUSDT,7591452.1600185,False
2021-09-30,STXUSDT,5885399.16085,False
2021-10-31,BTCUSDT,2844617054.1991343,True
2021-10-31,ETHUSDT,1576145441.432652,True
2021-10-31,SOLUSDT,581466206.222,True
2021-10-31,DOTUSDT,437202167.0302,True
2021-10-31,XRPUSDT,432593437.75345004,True
2021-10-31,FTMUSDT,389761700.64787805,True
2021-10-31,DOGEUSDT,386831120.8636,True
2021-10-31,ADAUSDT,289800137.67255,True
2021-10-31,FILUSDT,276044836.7738,True
2021-10-31,AXSUSDT,221338699.0467,True
2021-10-31,LUNAUSDT,208871674.6498,True
2021-10-31,TRXUSDT,198578302.7627285,True
2021-10-31,AVAXUSDT,195356224.0435,True
2021-10-31,MATICUSDT,159290159.25599998,True
2021-10-31,LINKUSDT,150380911.9669,True
2021-10-31,ATOMUSDT,124513179.9382,True
2021-10-31,LTCUSDT,111711996.93169999,True
2021-10-31,ONEUSDT,109363125.5114875,True
2021-10-31,VETUSDT,105664430.13904399,True
2021-10-31,EOSUSDT,97426586.4049,True
2021-10-31,THETAUSDT,91156556.28475,True
2021-10-31,NEARUSDT,82391840.61545,True
2021-10-31,FTTUSDT,81241818.50615,True
2021-10-31,ALGOUSDT,73255941.70574999,True
2021-10-31,ETCUSDT,66101406.61615,True
2021-10-31,XLMUSDT,60391033.6894,True
2021-10-31,KAVAUSDT,54056840.4273,True
2021-10-31,XTZUSDT,52654922.52145,True
2021-10-31,UNIUSDT,52266168.33905,True
2021-10-31,CHZUSDT,52168077.9931,True
2021-10-31,BCHUSDT,51756715.9547,True
2021-10-31,CRVUSDT,49770532.8927,True
2021-10-31,EGLDUSDT,44119659.59595,True
2021-10-31,SUSHIUSDT,42259023.85675,True
2021-10-31,1INCHUSDT,42230402.069800004,True
2021-10-31,FETUSDT,38941305.417050004,True
2021-10-31,GRTUSDT,36071015.1967,True
2021-10-31,HBARUSDT,35756277.0488,True
2021-10-31,SRMUSDT,35239371.43625,True
2021-10-31,RUNEUSDT,34811866.1489,True
2021-10-31,IOTAUSDT,32186207.2521,True
2021-10-31,ZECUSDT,32021268.58805,True
2021-10-31,AAVEUSDT,29828271.2108,True
2021-10-31,XMRUSDT,25563168.889,True
2021-10-31,COMPUSDT,22403634.2168,True
2021-10-31,DASHUSDT,21266344.996,True
2021-10-31,ZILUSDT,20958178.2298795,True
2021-10-31,ENJUSDT,19559196.6353,True
2021-10-31,NEOUSDT,18692028.10895,True
2021-10-31,SANDUSDT,17775217.19145,True
2021-10-31,SNXUSDT,15045191.507259,True
2021-10-31,YFIUSDT,14786809.28126035,False
2021-10-31,WAVESUSDT,13679597.74485,True
2021-10-31,MANAUSDT,13218257.297899999,False
2021-10-31,STXUSDT,12992806.52465,False
2021-10-31,BATUSDT,7917659.60585,False
2021-10-31,MKRUSDT,6773431.6745,False
2021-10-31,MIRUSDT,6390878.6734,False
2021-10-31,INJUSDT,5799440.284,False
2021-11-30,BTCUSDT,2587152711.671243,True
2021-11-30,ETHUSDT,1783465511.8474069,True
2021-11-30,SHIBUSDT,944389144.1942898,False
2021-11-30,SANDUSDT,874209601.276,True
2021-11-30,MANAUSDT,627564929.7846,False
2021-11-30,SOLUSDT,484534565.48915005,True
2021-11-30,TRXUSDT,422544844.888847,True
2021-11-30,DOTUSDT,392247858.7341,True
2021-11-30,AVAXUSDT,377499931.343775,True
2021-11-30,XRPUSDT,371335869.44365,True
2021-11-30,DOGEUSDT,319957693.01405,True
2021-11-30,ADAUSDT,288058449.6656,True
2021-11-30,FTMUSDT,232656322.3493,True
2021-11-30,FILUSDT,214027299.97815,True
2021-11-30,LTCUSDT,191940338.10045,True
2021-11-30,CHZUSDT,169675433.4562,True
2021-11-30,LUNAUSDT,153988745.3601,True
2021-11-30,MATICUSDT,144951753.59885,True
2021-11-30,LINKUSDT,144693342.09955,True
2021-11-30,VETUSDT,131316180.63395551,True
2021-11-30,AXSUSDT,127421448.3139,True
2021-11-30,ENJUSDT,121951862.75765,True
2021-11-30,ICPUSDT,95026475.5905,False
2021-11-30,ZECUSDT,92236944.27925,True
2021-11-30,THETAUSDT,90340859.6416,True
2021-11-30,EGLDUSDT,89980927.955932,True
2021-11-30,ONEUSDT,85736160.0849435,True
2021-11-30,ATOMUSDT,81897719.775,True
2021-11-30,ALGOUSDT,81883156.4055,True
2021-11-30,EOSUSDT,77427924.66319999,True
2021-11-30,CRVUSDT,71786871.82205,True
2021-11-30,NEARUSDT,67116666.97205,True
2021-11-30,ETCUSDT,61770519.08035,True
2021-11-30,GRTUSDT,54581652.41285,True
2021-11-30,BCHUSDT,47442583.3918,True
2021-11-30,FTTUSDT,46874267.087500006,True
2021-11-30,XLMUSDT,43572789.3636,True
2021-11-30,BATUSDT,42746193.291600004,False
2021-11-30,SUSHIUSDT,39771299.338599995,True
2021-11-30,RUNEUSDT,39571366.68265,True
2021-11-30,UNIUSDT,37380652.05285,True
2021-11-30,AAVEUSDT,35652378.25745,True
2021-11-30,DASHUSDT,33145829.85215,True
2021-11-30,1INCHUSDT,32998287.64035,True
2021-11-30,XTZUSDT,31314480.8466,True
2021-11-30,KAVAUSDT,31184757.24205,True
2021-11-30,MASKUSDT,29722531.5746,False
2021-11-30,HBARUSDT,27432532.873099998,True
2021-11-30,IOTAUSDT,27404995.94065,True
2021-11-30,FETUSDT,25641715.8187,True
2021-11-30,XMRUSDT,24735367.6459,True
2021-11-30,SRMUSDT,21355059.451989003,True
2021-11-30,ZILUSDT,18840110.695653997,True
2021-11-30,COMPUSDT,17823550.058849998,True
2021-11-30,NEOUSDT,17224752.7721,True
2021-11-30,SNXUSDT,14862793.09775,False
2021-11-30,STXUSDT,12275456.041299999,False
2021-11-30,YFIUSDT,12078505.7719149,False
2021-11-30,INJUSDT,10461192.62165,False
2021-11-30,WAVESUSDT,10107109.84905,False
2021-11-30,MKRUSDT,9618319.027449999,False
2021-11-30,MIRUSDT,6088125.0084,False
2021-12-31,BTCUSDT,1834354573.977495,True
2021-12-31,ETHUSDT,1494984128.351244,True
2021-12-31,LUNAUSDT,495444839.325294,True
2021-12-31,MATICUSDT,373559947.12345004,True
2021-12-31,SANDUSDT,355645836.6709,True
2021-12-31,SOLUSDT,317165170.48045003,True
2021-12-31,SHIBUSDT,314860266.358402,True
2021-12-31,AVAXUSDT,286105359.25815,True
2021-12-31,XRPUSDT,281574409.34555,True
2021-12-31,DOTUSDT,272681457.21145,True
2021-12-31,ADAUSDT,216241051.7636,True
2021-12-31,MANAUSDT,188834838.73795,True
2021-12-31,DOGEUSDT,161840632.4171,True
2021-12-31,FTMUSDT,149032559.44845,True
2021-12-31,NEARUSDT,147058542.272,True
2021-12-31,TRXUSDT,128987848.9126355,True
2021-12-31,FILUSDT,126969754.42225,True
2021-12-31,LINKUSDT,126822604.1394,True
2021-12-31,LTCUSDT,84586821.40655,True
2021-12-31,CRVUSDT,82176917.4176,True
2021-12-31,ATOMUSDT,73825270.59845,True
2021-12-31,EGLDUSDT,68564811.015,True
2021-12-31,VETUSDT,63136227.196239,True
2021-12-31,EOSUSDT,62624944.06895,True
2021-12-31,ICPUSDT,61455487.23685,True
2021-12-31,AXSUSDT,58025165.828600004,True
2021-12-31,SUSHIUSDT,57975829.16385,True
2021-12-31,THETAUSDT,56062405.954500005,True
2021-12-31,ONEUSDT,50644094.09240951,True
2021-12-31,ALGOUSDT,48915148.67345,True
2021-12-31,ZECUSDT,39352182.70715,True
2021-12-31,ENJUSDT,39126613.895449996,True
2021-12-31,CHZUSDT,37216693.2904,True
2021-12-31,UNIUSDT,36483167.7131,True
2021-12-31,GRTUSDT,32768173.408,True
2021-12-31,XLMUSDT,32379243.9307,True
2021-12-31,XTZUSDT,32225442.2707,True
2021-12-31,BATUSDT,30773119.7875,True
2021-12-31,KAVAUSDT,30614830.2246,True
2021-12-31,ETCUSDT,29834210.947049998,True
2021-12-31,BCHUSDT,29554444.5752,True
2021-12-31,AAVEUSDT,28350469.5903,True
2021-12-31,1INCHUSDT,26552531.0756,True
2021-12-31,RUNEUSDT,25017510.4833875,True
2021-12-31,IOTAUSDT,23777823.0678,True
2021-12-31,YFIUSDT,22471616.8353583,False
2021-12-31,FTTUSDT,20585297.70645,True
2021-12-31,XMRUSDT,19568676.494599998,True
2021-12-31,HBARUSDT,18027680.956150003,True
2021-12-31,MASKUSDT,15580682.44355,True
2021-12-31,DASHUSDT,15216620.0249,True
2021-12-31,ZILUSDT,14335281.962822001,False
2021-12-31,SRMUSDT,12612465.2775,False
2021-12-31,WAVESUSDT,12579353.365474999,False
2021-12-31,SNXUSDT,12556996.9703,False
2021-12-31,NEOUSDT,11678581.0594,False
2021-12-31,COMPUSDT,10170374.892,False
2021-12-31,FETUSDT,8647442.851,True
2021-12-31,STXUSDT,7801378.077,False
2021-12-31,MKRUSDT,5049439.48275,False
2021-12-31,MIRUSDT,4190271.0416,False
2021-12-31,INJUSDT,3867248.6332,False
2022-01-31,BTCUSDT,1538074228.3578115,True
2022-01-31,ETHUSDT,1150170555.6012044,True
2022-01-31,FTMUSDT,492293400.11609995,True
2022-01-31,LUNAUSDT,358367364.8848,True
2022-01-31,ATOMUSDT,254712861.08749998,True
2022-01-31,SOLUSDT,232807954.11035,True
2022-01-31,SANDUSDT,219700588.22114998,True
2022-01-31,NEARUSDT,216639899.40465,True
2022-01-31,DOTUSDT,214561317.1282,True
2022-01-31,ADAUSDT,208331503.154159,True
2022-01-31,MATICUSDT,199062678.90254998,True
2022-01-31,XRPUSDT,177161148.00245,True
2022-01-31,SHIBUSDT,167607477.39290768,True
2022-01-31,LINKUSDT,157978715.3995,True
2022-01-31,AVAXUSDT,155875183.42365,True
2022-01-31,DOGEUSDT,150330304.98655,True
2022-01-31,ONEUSDT,125636937.317957,True
2022-01-31,TRXUSDT,119170843.37755549,True
2022-01-31,CRVUSDT,111897281.14745,True
2022-01-31,ICPUSDT,99761753.60165,True
2022-01-31,MANAUSDT,94402278.4231,True
2022-01-31,FILUSDT,73740168.3988,True
2022-01-31,LTCUSDT,61765292.81465,True
2022-01-31,AXSUSDT,50664877.16865,True
2022-01-31,THETAUSDT,45927804.80205,True
2022-01-31,VETUSDT,45397869.670943,True
2022-01-31,ALGOUSDT,45028604.78755,True
2022-01-31,SUSHIUSDT,43780191.7956,True
2022-01-31,FTTUSDT,36781385.258499995,True
2022-01-31,EGLDUSDT,35434460.618499994,True
2022-01-31,KAVAUSDT,35316655.26005,True
2022-01-31,EOSUSDT,32860527.5535,True
2022-01-31,AAVEUSDT,31528192.15355,True
2022-01-31,ENJUSDT,29998202.91795,True
2022-01-31,ETCUSDT,27023545.5275,True
2022-01-31,YFIUSDT,26665112.36842255,True
2022-01-31,ZECUSDT,26321911.9754,True
2022-01-31,UNIUSDT,25041736.5392,True
2022-01-31,CHZUSDT,22794981.77975,True
2022-01-31,GRTUSDT,22371328.71791,True
2022-01-31,XLMUSDT,22075520.079400003,True
2022-01-31,RUNEUSDT,21430650.3178745,True
2022-01-31,BCHUSDT,20811122.64385,True
2022-01-31,XMRUSDT,19028044.73875,True
2022-01-31,1INCHUSDT,18413759.379217997,True
2022-01-31,XTZUSDT,18361081.725500003,True
2022-01-31,IOTAUSDT,16632122.4832,True
2022-01-31,BATUSDT,15750040.324949998,True
2022-01-31,DASHUSDT,14553744.55335,True
2022-01-31,HBARUSDT,14266199.93535,True
2022-01-31,SNXUSDT,11505829.408300001,False
2022-01-31,ZILUSDT,10936816.6750005,False
2022-01-31,MASKUSDT,8911075.121550001,True
2022-01-31,NEOUSDT,8251129.126,False
2022-01-31,WAVESUSDT,7854653.11005,False
2022-01-31,FETUSDT,7495334.82855,False
2022-01-31,COMPUSDT,7072898.55585,False
2022-01-31,SRMUSDT,6850728.1149,False
2022-01-31,STXUSDT,6598545.915899999,False
2022-01-31,MKRUSDT,3512086.0793535,False
2022-01-31,MIRUSDT,2234891.0105339997,False
2022-01-31,INJUSDT,1783288.7664,False
2022-02-28,BTCUSDT,1588993413.1915183,True
2022-02-28,ETHUSDT,1281849726.103979,True
2022-02-28,XRPUSDT,325121814.5029,True
2022-02-28,LUNAUSDT,289213545.4849,True
2022-02-28,SHIBUSDT,284782666.3266787,True
2022-02-28,SOLUSDT,240341901.02445,True
2022-02-28,AVAXUSDT,189948851.5344,True
2022-02-28,SANDUSDT,185271288.32454997,True
2022-02-28,FTMUSDT,175250356.60295,True
2022-02-28,DOTUSDT,149778110.62435,True
2022-02-28,ADAUSDT,147180773.597,True
2022-02-28,MANAUSDT,141416832.87124997,True
2022-02-28,MATICUSDT,121744092.6889,True
2022-02-28,ATOMUSDT,99793700.48135,True
2022-02-28,TRXUSDT,90649856.0911065,True
2022-02-28,DOGEUSDT,90412356.5124,True
2022-02-28,LINKUSDT,80088468.995502,True
2022-02-28,NEARUSDT,79746084.09605,True
2022-02-28,FILUSDT,59955471.195199996,True
2022-02-28,AXSUSDT,55672424.17125,True
2022-02-28,LTCUSDT,54841080.100600004,True
2022-02-28,ICPUSDT,49858245.05235,True
2022-02-28,THETAUSDT,45884535.0368,True
2022-02-28,ONEUSDT,43079319.629655,True
2022-02-28,CRVUSDT,42878346.814349994,True
2022-02-28,ETCUSDT,42257939.7675,True
2022-02-28,VETUSDT,37698948.0100795,True
2022-02-28,EGLDUSDT,35444085.0717,True
2022-02-28,ALGOUSDT,29294906.4352,True
2022-02-28,EOSUSDT,28196812.78835,True
2022-02-28,ENJUSDT,22231260.904600002,True
2022-02-28,KAVAUSDT,22071804.67815,True
2022-02-28,ZECUSDT,21469709.13595,True
2022-02-28,FTTUSDT,20846827.0288,True
2022-02-28,BCHUSDT,20816785.61255,True
2022-02-28,XTZUSDT,20721687.57855,True
2022-02-28,SUSHIUSDT,19292789.53735,True
2022-02-28,CHZUSDT,18499683.3338,True
2022-02-28,WAVESUSDT,17393496.400849998,False
2022-02-28,UNIUSDT,17253863.390550002,True
2022-02-28,XLMUSDT,16065195.9122,True
2022-02-28,GRTUSDT,15552352.92765,True
2022-02-28,AAVEUSDT,15118002.9245,True
2022-02-28,NEOUSDT,13165602.3008,False
2022-02-28,XMRUSDT,12530222.86835,True
2022-02-28,HBARUSDT,12388088.16135,True
2022-02-28,RUNEUSDT,11328360.46915,True
2022-02-28,DASHUSDT,11227297.3018,True
2022-02-28,1INCHUSDT,9544079.92085,True
2022-02-28,YFIUSDT,9507797.822596699,True
2022-02-28,BATUSDT,9476213.4888,True
2022-02-28,IOTAUSDT,9320474.8336,True
2022-02-28,SNXUSDT,7776071.6025,False
2022-02-28,INJUSDT,7106200.30325,False
2022-02-28,SRMUSDT,6890478.3455,False
2022-02-28,ZILUSDT,6513099.1180415,False
2022-02-28,COMPUSDT,6030230.6908,False
2022-02-28,FETUSDT,4967828.159537001,False
2022-02-28,MASKUSDT,4771389.10445,False
2022-02-28,MKRUSDT,4285532.9326,False
2022-02-28,STXUSDT,3331601.4861,False
2022-02-28,MIRUSDT,3043576.7996,False
2022-03-31,BTCUSDT,1919586111.1136312,True
2022-03-31,ETHUSDT,1328096924.5010786,True
2022-03-31,LUNAUSDT,408079265.6325,True
2022-03-31,XRPUSDT,247138507.45354998,True
2022-03-31,SOLUSDT,237201256.8602,True
2022-03-31,AVAXUSDT,237049435.4143,True
2022-03-31,FTMUSDT,174611880.88169998,True
2022-03-31,SHIBUSDT,160304864.65071163,True
2022-03-31,DOTUSDT,115308600.07115,True
2022-03-31,NEARUSDT,112635846.18645,True
2022-03-31,ADAUSDT,104567273.42045,True
2022-03-31,RUNEUSDT,97633324.09099999,True
2022-03-31,ATOMUSDT,96697571.36520001,True
2022-03-31,SANDUSDT,93947026.1612,True
2022-03-31,WAVESUSDT,93304888.1928,True
2022-03-31,TRXUSDT,84455922.02680251,True
2022-03-31,MATICUSDT,82855158.57115,True
2022-03-31,LINKUSDT,67155977.8248,True
2022-03-31,DOGEUSDT,66988925.2364,True
2022-03-31,MANAUSDT,63657893.978750005,True
2022-03-31,LTCUSDT,50395749.38615,True
2022-03-31,VETUSDT,43341845.648812994,True
2022-03-31,EGLDUSDT,38195152.532450005,True
2022-03-31,ETCUSDT,36912579.0562,True
2022-03-31,ICPUSDT,35907166.510900006,True
2022-03-31,AXSUSDT,34287996.15605,True
2022-03-31,ZECUSDT,33980455.52165,True
2022-03-31,FILUSDT,33701668.98405,True
2022-03-31,CHZUSDT,28579167.39205,True
2022-03-31,EOSUSDT,28040945.747649997,True
2022-03-31,GRTUSDT,28019140.61505,True
2022-03-31,AAVEUSDT,25353161.89345,True
2022-03-31,ONEUSDT,25002141.688268,True
2022-03-31,ALGOUSDT,24618343.0625,True
2022-03-31,THETAUSDT,23852849.679399997,True
2022-03-31,CRVUSDT,21942663.31905,True
2022-03-31,DYDXUSDT,21537091.30093,False
2022-03-31,UNIUSDT,19879291.78385,True
2022-03-31,BCHUSDT,18553464.9921,True
2022-03-31,SUSHIUSDT,17898782.86495,True
2022-03-31,XMRUSDT,17809183.65125,True
2022-03-31,DASHUSDT,17363433.25065,True
2022-03-31,XLMUSDT,14937552.8735,True
2022-03-31,FTTUSDT,14157668.116799999,True
2022-03-31,ENJUSDT,13569016.30205,True
2022-03-31,SNXUSDT,12788629.01515,False
2022-03-31,BATUSDT,11217744.70025,True
2022-03-31,XTZUSDT,10998412.43915,True
2022-03-31,NEOUSDT,10782935.0577,True
2022-03-31,MIRUSDT,10650495.96265,False
2022-03-31,HBARUSDT,9832372.994399998,True
2022-03-31,1INCHUSDT,9477848.5819,True
2022-03-31,MASKUSDT,8008791.14575,False
2022-03-31,KAVAUSDT,7997007.446699999,True
2022-03-31,YFIUSDT,7759383.3797302,True
2022-03-31,FETUSDT,7447130.882850001,False
2022-03-31,IOTAUSDT,7408123.6291000005,False
2022-03-31,SRMUSDT,6758338.288699999,False
2022-03-31,ZILUSDT,6568764.337487,False
2022-03-31,COMPUSDT,5263870.465,False
2022-03-31,STXUSDT,4533831.9091,False
2022-03-31,MKRUSDT,4512868.24085,False
2022-03-31,INJUSDT,4199035.7462,False
2022-04-30,BTCUSDT,1776195363.0253525,True
2022-04-30,ETHUSDT,1392290765.7132845,True
2022-04-30,LUNAUSDT,332349563.13030005,True
2022-04-30,NEARUSDT,253320374.59105,True
2022-04-30,SOLUSDT,250146721.78825,True
2022-04-30,DOGEUSDT,198738056.45,True
2022-04-30,XRPUSDT,170623519.97065002,True
2022-04-30,SHIBUSDT,156330625.55610722,True
2022-04-30,AVAXUSDT,125234621.94095,True
2022-04-30,ZILUSDT,105039341.273509,False
2022-04-30,ADAUSDT,102710356.76635,True
2022-04-30,DOTUSDT,86221246.12385,True
2022-04-30,FTMUSDT,81897707.08965,True
2022-04-30,TRXUSDT,73902827.805875,True
2022-04-30,FILUSDT,72710310.20594999,True
2022-04-30,WAVESUSDT,72343453.99610001,True
2022-04-30,SANDUSDT,67858941.69285,True
2022-04-30,RUNEUSDT,66791189.3168,True
2022-04-30,MATICUSDT,65910967.943749994,True
2022-04-30,ATOMUSDT,58207626.2883,True
2022-04-30,ETCUSDT,55036274.0893,True
2022-04-30,EOSUSDT,42034196.83895,True
2022-04-30,VETUSDT,41974069.1454505,True
2022-04-30,AXSUSDT,41759767.39915,True
2022-04-30,MANAUSDT,41101252.73125,True
2022-04-30,LINKUSDT,40275274.694800004,True
2022-04-30,LTCUSDT,35482284.8584,True
2022-04-30,AAVEUSDT,29781108.5882,True
2022-04-30,ICPUSDT,27737731.41775,True
2022-04-30,XMRUSDT,27511333.82895,True
2022-04-30,THETAUSDT,24391119.069597997,True
2022-04-30,CHZUSDT,24390560.3389,True
2022-04-30,KAVAUSDT,23588251.01765,True
2022-04-30,DYDXUSDT,23059168.138615,True
2022-04-30,ALGOUSDT,22723030.106025,True
2022-04-30,GRTUSDT,22699156.74925,True
2022-04-30,ZECUSDT,22570660.678999998,True
2022-04-30,EGLDUSDT,22213049.178400002,True
2022-04-30,CRVUSDT,22113758.28405,True
2022-04-30,ONEUSDT,19741657.611853,True
2022-04-30,SUSHIUSDT,16431784.710450001,True
2022-04-30,SNXUSDT,16093755.378600001,True
2022-04-30,BCHUSDT,14823869.8717,True
2022-04-30,FTTUSDT,14745220.2361,True
2022-04-30,ENJUSDT,14024871.8779,True
2022-04-30,UNIUSDT,12321966.7755,True
2022-04-30,XLMUSDT,12127285.81995,True
2022-04-30,DASHUSDT,11760035.8942,True
2022-04-30,XTZUSDT,10269296.88775,True
2022-04-30,COMPUSDT,9969559.7116,False
2022-04-30,SRMUSDT,8507565.64215,False
2022-04-30,HBARUSDT,7952759.032088,False
2022-04-30,IOTAUSDT,7883729.764128,False
2022-04-30,BATUSDT,7343097.83405,True
2022-04-30,NEOUSDT,6984268.80815,True
2022-04-30,YFIUSDT,5959206.8764430005,False
2022-04-30,FETUSDT,5638364.67985,False
2022-04-30,1INCHUSDT,5614246.776000001,False
2022-04-30,MASKUSDT,5488264.4287,False
2022-04-30,MIRUSDT,5336277.55425,False
2022-04-30,MKRUSDT,3616429.7058,False
2022-04-30,INJUSDT,2951164.2133,False
2022-04-30,STXUSDT,2681915.4174499996,False
2022-05-31,BTCUSDT,1997809626.3984091,True
2022-05-31,ETHUSDT,1468925367.3036015,True
2022-05-31,SOLUSDT,227789473.27305,True
2022-05-31,XRPUSDT,175483877.77735,True
2022-05-31,TRXUSDT,152981949.36606902,True
2022-05-31,AVAXUSDT,148750293.03305,True
2022-05-31,FTMUSDT,117692524.8141,True
2022-05-31,ADAUSDT,114253898.016045,True
2022-05-31,SHIBUSDT,98365708.7727719,True
2022-05-31,NEARUSDT,97428565.8477,True
2022-05-31,DOTUSDT,96675474.8897915,True
2022-05-31,DOGEUSDT,87401991.44205001,True
2022-05-31,MATICUSDT,68805842.36255199,True
2022-05-31,SANDUSDT,62992740.81295,True
2022-05-31,ZILUSDT,53800139.046849,True
2022-05-31,AXSUSDT,51915254.0606,True
2022-05-31,ATOMUSDT,50376966.14795,True
2022-05-31,MANAUSDT,47600813.600549996,True
2022-05-31,ENSUSDT,44382802.042,False
2022-05-31,LTCUSDT,42588961.43865,True
2022-05-31,RUNEUSDT,42295503.5344,True
2022-05-31,LINKUSDT,40807481.9606,True
2022-05-31,WAVESUSDT,36438446.4518,True
2022-05-31,VETUSDT,33442969.311631,True
2022-05-31,FILUSDT,33171057.15285,True
2022-05-31,ETCUSDT,30523342.2993,True
2022-05-31,AAVEUSDT,28263652.43555,True
2022-05-31,XMRUSDT,27591731.14175,True
2022-05-31,CRVUSDT,25858068.13185,True
2022-05-31,ALGOUSDT,24168893.85985,True
2022-05-31,EOSUSDT,24049872.7262,True
2022-05-31,ICPUSDT,22968441.65515,True
2022-05-31,EGLDUSDT,20178239.54205,True
2022-05-31,BCHUSDT,19597985.9202,True
2022-05-31,ZECUSDT,19124995.1966,True
2022-05-31,GRTUSDT,19059742.57835,True
2022-05-31,UNIUSDT,17797672.8961,True
2022-05-31,THETAUSDT,17366856.0401,True
2022-05-31,ONEUSDT,17287553.721047,True
2022-05-31,DYDXUSDT,17031136.54199,True
2022-05-31,KAVAUSDT,16435005.333750002,True
2022-05-31,SUSHIUSDT,15793319.16135,True
2022-05-31,CHZUSDT,13388745.32785,True
2022-05-31,XTZUSDT,13068874.8376035,True
2022-05-31,FTTUSDT,10582093.414099999,True
2022-05-31,XLMUSDT,9561356.616,True
2022-05-31,SNXUSDT,9039849.182950001,True
2022-05-31,ENJUSDT,8718788.905299999,True
2022-05-31,DASHUSDT,8560659.521049999,True
2022-05-31,IOTAUSDT,7874808.300884,False
2022-05-31,BATUSDT,7502268.2591,False
2022-05-31,MIRUSDT,7439585.090291999,False
2022-05-31,1INCHUSDT,6988155.6324000005,False
2022-05-31,NEOUSDT,6863812.290200001,False
2022-05-31,YFIUSDT,6186910.80515765,False
2022-05-31,COMPUSDT,5983975.32755,False
2022-05-31,HBARUSDT,5945216.257386,False
2022-05-31,MASKUSDT,5928956.063750001,False
2022-05-31,MKRUSDT,4966891.721958,False
2022-05-31,SRMUSDT,4771597.8262,False
2022-05-31,INJUSDT,3540807.7439,False
2022-05-31,FETUSDT,3119148.9719000002,False
2022-05-31,STXUSDT,1787402.87705,False
2022-06-30,BTCUSDT,1882105888.6565907,True
2022-06-30,ETHUSDT,1505179842.6098945,True
2022-06-30,SOLUSDT,208176640.6059,True
2022-06-30,ADAUSDT,137217339.058245,True
2022-06-30,XRPUSDT,123782013.31815,True
2022-06-30,AVAXUSDT,86330719.5129,True
2022-06-30,TRXUSDT,83838147.4131085,True
2022-06-30,DOGEUSDT,71874160.097565,True
2022-06-30,LINKUSDT,59714940.11005,True
2022-06-30,SHIBUSDT,57322851.685592085,True
2022-06-30,NEARUSDT,51516594.7327,True
2022-06-30,MATICUSDT,51160405.575692,True
2022-06-30,DOTUSDT,48928915.7241,True
2022-06-30,WAVESUSDT,46372777.0087,True
2022-06-30,SANDUSDT,44188303.6413,True
2022-06-30,FTMUSDT,42438044.2376,True
2022-06-30,LTCUSDT,33677419.08502525,True
2022-06-30,ATOMUSDT,29826931.005577497,True
2022-06-30,MANAUSDT,29368211.13135,True
2022-06-30,RUNEUSDT,27468671.7309,True
2022-06-30,EGLDUSDT,22992225.173249997,True
2022-06-30,VETUSDT,21235811.442948498,True
2022-06-30,ICPUSDT,20272151.8604,True
2022-06-30,ZILUSDT,19470559.7238895,True
2022-06-30,FILUSDT,18581587.266000003,True
2022-06-30,AXSUSDT,18507772.0937,True
2022-06-30,BCHUSDT,17669447.12690425,True
2022-06-30,AAVEUSDT,17405798.79335,True
2022-06-30,THETAUSDT,16999739.8744,True
2022-06-30,ETCUSDT,15576656.7607,True
2022-06-30,ENSUSDT,15507378.3083,True
2022-06-30,UNIUSDT,15444447.309829,True
2022-06-30,XMRUSDT,13896416.3997,True
2022-06-30,ALGOUSDT,13774845.592950001,True
2022-06-30,EOSUSDT,12186643.5361,True
2022-06-30,FTTUSDT,11622309.31495,True
2022-06-30,CHZUSDT,10815962.2675,True
2022-06-30,XLMUSDT,10549994.2804,True
2022-06-30,XTZUSDT,10371275.53,True
2022-06-30,GRTUSDT,9749082.7018,True
2022-06-30,CRVUSDT,9684654.5659,True
2022-06-30,ONEUSDT,9425655.0698535,True
2022-06-30,DYDXUSDT,9220289.35302,True
2022-06-30,SNXUSDT,8410025.23985,True
2022-06-30,BATUSDT,8167780.56835,False
2022-06-30,ZECUSDT,8061100.97695,True
2022-06-30,SUSHIUSDT,7760409.697000001,True
2022-06-30,COMPUSDT,7125589.7978,False
2022-06-30,ENJUSDT,6600323.34505,True
2022-06-30,KAVAUSDT,6409098.1584,True
2022-06-30,1INCHUSDT,5764412.2005,False
2022-06-30,MASKUSDT,5670047.96715,False
2022-06-30,NEOUSDT,5173328.2067,False
2022-06-30,HBARUSDT,4829434.84245,False
2022-06-30,FETUSDT,4644135.7296,False
2022-06-30,DASHUSDT,4382783.3783,True
2022-06-30,SRMUSDT,4346664.84545,False
2022-06-30,YFIUSDT,4158823.4007023,False
2022-06-30,MKRUSDT,3461555.9938,False
2022-06-30,IOTAUSDT,3165806.36735,False
2022-06-30,INJUSDT,1676492.9585,False
2022-06-30,STXUSDT,1590603.0225,False
2022-07-31,BTCUSDT,3580405596.6252317,True
2022-07-31,ETHUSDT,1650608793.5142264,True
2022-07-31,SOLUSDT,161961054.67145002,True
2022-07-31,MATICUSDT,122400668.84455,True
2022-07-31,ADAUSDT,91519179.887995,True
2022-07-31,XRPUSDT,91515453.5162,True
2022-07-31,AVAXUSDT,81690234.674,True
2022-07-31,ETCUSDT,60753348.8221,True
2022-07-31,SHIBUSDT,55497659.945381194,True
2022-07-31,SANDUSDT,45417876.1879,True
2022-07-31,DOTUSDT,43893992.4328545,True
2022-07-31,DOGEUSDT,43754010.903809994,True
2022-07-31,ATOMUSDT,41995904.455615,True
2022-07-31,NEARUSDT,40621682.6027,True
2022-07-31,TRXUSDT,40260712.125167,True
2022-07-31,RUNEUSDT,39671904.30575,True
2022-07-31,LINKUSDT,38245539.42225,True
2022-07-31,FTMUSDT,36915969.4333,True
2022-07-31,UNIUSDT,31787045.2464,True
2022-07-31,LTCUSDT,27050001.017145,True
2022-07-31,AAVEUSDT,23688988.9907,True
2022-07-31,WAVESUSDT,23205261.138115,True
2022-07-31,DYDXUSDT,22563885.16893,True
2022-07-31,MANAUSDT,22328425.5375,True
2022-07-31,FILUSDT,20081429.2012,True
2022-07-31,CRVUSDT,17892792.336000003,True
2022-07-31,ICPUSDT,15005258.92625,True
2022-07-31,SNXUSDT,14603390.28495,True
2022-07-31,ENSUSDT,14476554.44935,True
2022-07-31,VETUSDT,14392273.709804501,True
2022-07-31,ONEUSDT,13104307.6689375,True
2022-07-31,ZILUSDT,12998715.692058,True
2022-07-31,AXSUSDT,12505750.59795,True
2022-07-31,BCHUSDT,12453649.20005,True
2022-07-31,CHZUSDT,11639998.733350001,True
2022-07-31,EGLDUSDT,11559449.105549999,True
2022-07-31,ALGOUSDT,11327619.0368,True
2022-07-31,SUSHIUSDT,10623772.816750001,True
2022-07-31,XMRUSDT,10498414.62945,True
2022-07-31,EOSUSDT,10160056.393,True
2022-07-31,FTTUSDT,9859836.04095,True
2022-07-31,THETAUSDT,8619781.144499999,True
2022-07-31,COMPUSDT,8127626.07288,True
2022-07-31,GRTUSDT,7608143.81975,True
2022-07-31,XLMUSDT,7113237.411149999,True
2022-07-31,XTZUSDT,6650426.983899999,True
2022-07-31,ZECUSDT,6348298.2398,True
2022-07-31,SRMUSDT,6332497.0078,False
2022-07-31,BATUSDT,5911456.1837,True
2022-07-31,KAVAUSDT,5637416.03315,True
2022-07-31,YFIUSDT,5120190.0403265,False
2022-07-31,ENJUSDT,4931299.1842,True
2022-07-31,IMXUSDT,4761820.169985,False
2022-07-31,NEOUSDT,4410850.09245,False
2022-07-31,1INCHUSDT,3980239.3996,False
2022-07-31,HBARUSDT,3678078.5156,False
2022-07-31,DASHUSDT,3342795.891,False
2022-07-31,MASKUSDT,3030458.74335,False
2022-07-31,IOTAUSDT,2980613.17545,False
2022-07-31,MKRUSDT,2592946.28185,False
2022-07-31,FETUSDT,2418249.13405,False
2022-07-31,INJUSDT,2065398.06825,False
2022-07-31,STXUSDT,1343339.56245,False
2022-08-31,BTCUSDT,3958839436.2895947,True
2022-08-31,ETHUSDT,1381070249.997756,True
2022-08-31,ETCUSDT,151441425.69120002,True
2022-08-31,SOLUSDT,140140301.6509,True
2022-08-31,CHZUSDT,82724849.67315,True
2022-08-31,ADAUSDT,76177267.797815,True
2022-08-31,XRPUSDT,70461741.25755,True
2022-08-31,MATICUSDT,65323387.64683,True
2022-08-31,AVAXUSDT,64679738.38565,True
2022-08-31,SHIBUSDT,61047055.49153803,True
2022-08-31,NEARUSDT,60096685.85095,True
2022-08-31,DOGEUSDT,57629740.6995,True
2022-08-31,FILUSDT,48539913.760000005,True
2022-08-31,DOTUSDT,44730684.02845,True
2022-08-31,FTMUSDT,35365818.5231,True
2022-08-31,ATOMUSDT,34008285.647815004,True
2022-08-31,LINKUSDT,33599138.853195,True
2022-08-31,SANDUSDT,31911937.01035,True
2022-08-31,LTCUSDT,28576872.151845,True
2022-08-31,RUNEUSDT,27787813.13345,True
2022-08-31,TRXUSDT,27200435.5531085,True
2022-08-31,WAVESUSDT,25842194.299659997,True
2022-08-31,UNIUSDT,20597701.55415,True
2022-08-31,EOSUSDT,18915629.3,True
2022-08-31,AXSUSDT,16601616.339850001,True
2022-08-31,AAVEUSDT,16368987.5734,True
2022-08-31,MANAUSDT,15447699.32305,True
2022-08-31,SNXUSDT,14774100.4531,True
2022-08-31,CRVUSDT,14257215.71365,True
2022-08-31,ENSUSDT,13161026.562800001,True
2022-08-31,ZILUSDT,12877890.925982501,True
2022-08-31,BCHUSDT,12823897.6449,True
2022-08-31,XMRUSDT,12630393.23155,True
2022-08-31,VETUSDT,12424491.56949,True
2022-08-31,THETAUSDT,12369353.65095,True
2022-08-31,DYDXUSDT,11955862.160165,True
2022-08-31,ALGOUSDT,10675235.7497,True
2022-08-31,EGLDUSDT,10618832.4294,True
2022-08-31,ICPUSDT,10023965.859900001,True
2022-08-31,ONEUSDT,9637718.959670499,True
2022-08-31,GRTUSDT,8791603.76595,True
2022-08-31,ZECUSDT,7452724.7829,True
2022-08-31,FTTUSDT,7378380.4331,True
2022-08-31,YFIUSDT,6529209.647346551,False
2022-08-31,COMPUSDT,6289734.982465,True
2022-08-31,SUSHIUSDT,5851150.68975,True
2022-08-31,KAVAUSDT,5807731.77405,True
2022-08-31,XLMUSDT,5655699.69985,True
2022-08-31,IMXUSDT,5499876.34347,False
2022-08-31,HBARUSDT,4854353.30275,False
2022-08-31,INJUSDT,4340391.7634,False
2022-08-31,ENJUSDT,4236651.69125,False
2022-08-31,XTZUSDT,4144609.13245,True
2022-08-31,BATUSDT,4024668.70575,True
2022-08-31,MASKUSDT,3761713.1459999997,False
2022-08-31,NEOUSDT,3538259.3826,False
2022-08-31,DASHUSDT,3510116.6166000003,False
2022-08-31,1INCHUSDT,3157653.0467999997,False
2022-08-31,IOTAUSDT,3044384.99335,False
2022-08-31,FETUSDT,2788161.0811,False
2022-08-31,MKRUSDT,2608989.5425,False
2022-08-31,SRMUSDT,2465061.4154000003,False
2022-08-31,STXUSDT,1324880.31085,False
2022-09-30,BTCUSDT,6622509046.527446,True
2022-09-30,ETHUSDT,1105937160.5225985,True
2022-09-30,XRPUSDT,130618968.25585,True
2022-09-30,SOLUSDT,97803602.07640001,True
2022-09-30,ETCUSDT,80801581.26605001,True
2022-09-30,ATOMUSDT,76130566.48657,True
2022-09-30,CHZUSDT,70140449.3095,True
2022-09-30,ADAUSDT,65503544.40916,True
2022-09-30,MATICUSDT,51963231.322964996,True
2022-09-30,SHIBUSDT,49304604.67442378,True
2022-09-30,LINKUSDT,45308206.958785,True
2022-09-30,NEARUSDT,42708856.3815,True
2022-09-30,DOTUSDT,41960748.7839,True
2022-09-30,APEUSDT,41857583.3531,False
2022-09-30,DOGEUSDT,35765022.903615,True
2022-09-30,AVAXUSDT,35187562.5387,True
2022-09-30,LTCUSDT,32786969.081924997,True
2022-09-30,EOSUSDT,28295880.421449997,True
2022-09-30,TRXUSDT,25622496.875007,True
2022-09-30,FILUSDT,23579563.19915,True
2022-09-30,SANDUSDT,22551934.4689,True
2022-09-30,FTMUSDT,19868701.325149998,True
2022-09-30,ENSUSDT,16049649.9445,True
2022-09-30,CRVUSDT,14019523.38445,True
2022-09-30,RUNEUSDT,12536424.0725,True
2022-09-30,BCHUSDT,12214629.09935,True
2022-09-30,AXSUSDT,12138945.7179,True
2022-09-30,ALGOUSDT,11611939.186900001,True
2022-09-30,UNIUSDT,11536272.5059,True
2022-09-30,MANAUSDT,10918195.760049999,True
2022-09-30,WAVESUSDT,10897184.46545,True
2022-09-30,XMRUSDT,10558017.16825,True
2022-09-30,AAVEUSDT,9166052.2489,True
2022-09-30,VETUSDT,9003541.4145675,True
2022-09-30,XLMUSDT,8284399.045,True
2022-09-30,DYDXUSDT,7949823.27454,True
2022-09-30,ICPUSDT,7825875.69465,True
2022-09-30,FTTUSDT,7685495.92005,True
2022-09-30,SNXUSDT,7248462.43945,True
2022-09-30,COMPUSDT,6999094.39796,True
2022-09-30,EGLDUSDT,6811605.42765,True
2022-09-30,ZILUSDT,6458082.633888001,True
2022-09-30,THETAUSDT,6151970.93765,True
2022-09-30,SUSHIUSDT,6025319.9824,True
2022-09-30,INJUSDT,5921810.01565,False
2022-09-30,ENJUSDT,5255962.308065,False
2022-09-30,GRTUSDT,4994242.0529,True
2022-09-30,ONEUSDT,4983614.1078085005,True
2022-09-30,YFIUSDT,4849495.165555,True
2022-09-30,ZECUSDT,4545658.004349999,True
2022-09-30,KAVAUSDT,4358118.55905,True
2022-09-30,DASHUSDT,4009151.578515,False
2022-09-30,XTZUSDT,4003203.2872,False
2022-09-30,HBARUSDT,3975315.4296,False
2022-09-30,NEOUSDT,3468544.04905,False
2022-09-30,IOTAUSDT,3254447.2027000003,False
2022-09-30,IMXUSDT,2954237.9831250003,False
2022-09-30,1INCHUSDT,2893483.7365499996,False
2022-09-30,BATUSDT,2620892.27965,False
2022-09-30,MKRUSDT,2069348.275,False
2022-09-30,FETUSDT,1796662.0317,False
2022-09-30,MASKUSDT,1791743.94765,False
2022-09-30,SRMUSDT,1424643.7078,False
2022-09-30,RNDRUSDT,1304385.077275,False
2022-10-31,BTCUSDT,4800001286.20856,True
2022-10-31,ETHUSDT,636344979.9669495,True
2022-10-31,XRPUSDT,156513322.97025,True
2022-10-31,SOLUSDT,61570695.86665,True
2022-10-31,MATICUSDT,53387820.238575,True
2022-10-31,ADAUSDT,38668338.201315,True
2022-10-31,CHZUSDT,36886390.6874,True
2022-10-31,SHIBUSDT,34094925.65866111,True
2022-10-31,LINKUSDT,28534573.24964,True
2022-10-31,ATOMUSDT,27656712.677325003,True
2022-10-31,ETCUSDT,25905622.47265,True
2022-10-31,DOTUSDT,25125343.2315,True
2022-10-31,TRXUSDT,25020148.62079,True
2022-10-31,AVAXUSDT,23145829.9877,True
2022-10-31,DOGEUSDT,22235302.838615,True
2022-10-31,NEARUSDT,20745410.3375,True
2022-10-31,LTCUSDT,18525070.184335,True
2022-10-31,UNIUSDT,17604380.84805,True
2022-10-31,SUSHIUSDT,15309476.85695,True
2022-10-31,APEUSDT,14951104.13339,True
2022-10-31,ENSUSDT,14492673.2896,True
2022-10-31,FILUSDT,12088779.033100002,True
2022-10-31,SANDUSDT,11548507.0207,True
2022-10-31,ALGOUSDT,9983855.65305,True
2022-10-31,EGLDUSDT,9744227.82365,True
2022-10-31,EOSUSDT,9429858.748300001,True
2022-10-31,FTMUSDT,9173930.66245,True
2022-10-31,DYDXUSDT,8740782.47212,True
2022-10-31,XMRUSDT,8311120.59465,True
2022-10-31,AXSUSDT,8215657.80295,True
2022-10-31,XLMUSDT,7609015.680500001,True
2022-10-31,CRVUSDT,7341523.4328499995,True
2022-10-31,MANAUSDT,6839247.77,True
2022-10-31,AAVEUSDT,6596393.45685,True
2022-10-31,WAVESUSDT,6555543.374,True
2022-10-31,BCHUSDT,6375992.732799999,True
2022-10-31,RUNEUSDT,6320360.2103,True
2022-10-31,SNXUSDT,6216609.30555,True
2022-10-31,ICPUSDT,6204195.8769000005,True
2022-10-31,INJUSDT,6039360.5117,True
2022-10-31,VETUSDT,5642573.038205,True
2022-10-31,ZILUSDT,5420990.411974,True
2022-10-31,FTTUSDT,4864973.0746,True
2022-10-31,HBARUSDT,4306069.0473,False
2022-10-31,MKRUSDT,3717022.5287,False
2022-10-31,THETAUSDT,3348549.0415000003,True
2022-10-31,GRTUSDT,3327537.2211,True
2022-10-31,COMPUSDT,2786911.215555,True
2022-10-31,KAVAUSDT,2688436.3647,True
2022-10-31,ONEUSDT,2596972.3764204998,True
2022-10-31,DASHUSDT,2215929.7812200002,False
2022-10-31,1INCHUSDT,2193939.38705,False
2022-10-31,ENJUSDT,2190109.37398,False
2022-10-31,ZECUSDT,2145779.3293,True
2022-10-31,XTZUSDT,2113768.5629000003,False
2022-10-31,IMXUSDT,1812621.797415,False
2022-10-31,IOTAUSDT,1804230.7227500002,False
2022-10-31,NEOUSDT,1619012.8553499999,False
2022-10-31,RNDRUSDT,1547065.14741,False
2022-10-31,YFIUSDT,1485483.685685,True
2022-10-31,SRMUSDT,1449348.1982,False
2022-10-31,BATUSDT,1447127.74775,False
2022-10-31,FETUSDT,1170679.4086,False
2022-10-31,MASKUSDT,1110828.1001,False
2022-11-30,BTCUSDT,4563293987.143546,True
2022-11-30,ETHUSDT,769647341.819075,True
2022-11-30,DOGEUSDT,221787422.783495,True
2022-11-30,XRPUSDT,139523388.17865002,True
2022-11-30,CHZUSDT,104013938.43349999,True
2022-11-30,MATICUSDT,103995266.31973,True
2022-11-30,LTCUSDT,86325495.487775,True
2022-11-30,SOLUSDT,81290345.9485,True
2022-11-30,LINKUSDT,60464533.32781,True
2022-11-30,MASKUSDT,46017309.573149994,False
2022-11-30,SHIBUSDT,44943973.3865506,True
2022-11-30,ADAUSDT,36530910.93917,True
2022-11-30,TRXUSDT,29877906.122016497,True
2022-11-30,APEUSDT,28339436.63818,True
2022-11-30,NEARUSDT,27572238.587564997,True
2022-11-30,ALGOUSDT,26572456.802301,True
2022-11-30,DYDXUSDT,26335325.77049,True
2022-11-30,DOTUSDT,25926852.5649,True
2022-11-30,ATOMUSDT,23210319.6883,True
2022-11-30,AVAXUSDT,22898159.29495,True
2022-11-30,UNIUSDT,20110870.86785,True
2022-11-30,ETCUSDT,18783048.66175,True
2022-11-30,SANDUSDT,18706882.414296,True
2022-11-30,SUSHIUSDT,17704515.99255,True
2022-11-30,FILUSDT,17454531.1397,True
2022-11-30,OPUSDT,16794057.25096,False
2022-11-30,FTMUSDT,16370843.214450002,True
2022-11-30,AAVEUSDT,12856084.7371,True
2022-11-30,CRVUSDT,12600831.7588,True
2022-11-30,XMRUSDT,10267600.92645,True
2022-11-30,ENSUSDT,9769649.12445,True
2022-11-30,WAVESUSDT,9495779.185895,True
2022-11-30,BCHUSDT,9328364.87195,True
2022-11-30,AXSUSDT,9141990.66105,True
2022-11-30,MANAUSDT,8769962.828841,True
2022-11-30,EOSUSDT,8599217.1748,True
2022-11-30,INJUSDT,7781278.543500001,True
2022-11-30,ICPUSDT,7132680.60025,True
2022-11-30,VETUSDT,6871809.435647,True
2022-11-30,EGLDUSDT,6629183.5812,True
2022-11-30,XLMUSDT,6050707.21895,True
2022-11-30,SNXUSDT,6003325.700549999,True
2022-11-30,RUNEUSDT,5864019.129450001,True
2022-11-30,THETAUSDT,5844678.192749999,True
2022-11-30,ZILUSDT,5762112.050904,True
2022-11-30,KAVAUSDT,5292539.7771499995,True
2022-11-30,SRMUSDT,5275228.6892565,False
2022-11-30,LDOUSDT,5188348.942495,False
2022-11-30,GRTUSDT,5033122.8213,True
2022-11-30,YFIUSDT,4468738.059735,True
2022-11-30,DASHUSDT,4256937.345315,False
2022-11-30,ZECUSDT,3638643.7317500003,False
2022-11-30,RNDRUSDT,3554456.87763,False
2022-11-30,XTZUSDT,3395463.488,False
2022-11-30,HBARUSDT,3325836.7743,False
2022-11-30,ENJUSDT,3048578.2327699997,False
2022-11-30,1INCHUSDT,2871140.1229,False
2022-11-30,NEOUSDT,2868681.05295,False
2022-11-30,COMPUSDT,2753628.888215,True
2022-11-30,ONEUSDT,2718360.6410870003,True
2022-11-30,IOTAUSDT,2362753.0947000002,False
2022-11-30,IMXUSDT,2343247.14776,False
2022-11-30,BATUSDT,2336973.04,False
2022-11-30,MKRUSDT,2258963.2632999998,False
2022-11-30,FETUSDT,1339063.4225499998,False
2022-12-31,BTCUSDT,2965353052.531558,True
2022-12-31,ETHUSDT,396833045.5598415,True
2022-12-31,XRPUSDT,100941457.2852,True
2022-12-31,DOGEUSDT,96479444.92754,True
2022-12-31,LTCUSDT,45690056.023865,True
2022-12-31,MATICUSDT,41265481.697569996,True
2022-12-31,SOLUSDT,31928199.96295,True
2022-12-31,LINKUSDT,21254626.478215,True
2022-12-31,ADAUSDT,19697850.090245,True
2022-12-31,TRXUSDT,17947873.541818,True
2022-12-31,CHZUSDT,17086000.88965,True
2022-12-31,SHIBUSDT,16022970.302849885,True
2022-12-31,APEUSDT,15939415.832430001,True
2022-12-31,MASKUSDT,15787191.953949999,True
2022-12-31,DOTUSDT,15006346.52998,True
2022-12-31,FTMUSDT,14309423.94935,True
2022-12-31,OPUSDT,12764169.06759,True
2022-12-31,ATOMUSDT,12277647.997875001,True
2022-12-31,FILUSDT,11754620.254900001,True
2022-12-31,SANDUSDT,11365297.765,True
2022-12-31,AVAXUSDT,11060610.1698,True
2022-12-31,NEARUSDT,10877932.9799,True
2022-12-31,XMRUSDT,9929362.467,True
2022-12-31,DYDXUSDT,9078548.03579,True
2022-12-31,ETCUSDT,8903078.2275,True
2022-12-31,AXSUSDT,8764109.534699999,True
2022-12-31,ALGOUSDT,7431850.421800001,True
2022-12-31,UNIUSDT,6966970.922064999,True
2022-12-31,SUSHIUSDT,6784315.54045,True
2022-12-31,WAVESUSDT,6216366.17074,True
2022-12-31,EOSUSDT,6146698.946,True
2022-12-31,CRVUSDT,5035313.6906,True
2022-12-31,FETUSDT,5035082.7671,False
2022-12-31,AAVEUSDT,4840437.7936,True
2022-12-31,DASHUSDT,4592079.450465,False
2022-12-31,ICPUSDT,4260751.829025,True
2022-12-31,RUNEUSDT,3823894.1239,True
2022-12-31,BCHUSDT,3778234.1237500003,True
2022-12-31,MANAUSDT,3765719.60375,True
2022-12-31,EGLDUSDT,3734224.0036000004,True
2022-12-31,KAVAUSDT,3234138.2065500002,True
2022-12-31,SNXUSDT,3015581.7433,True
2022-12-31,XLMUSDT,2996237.53775,True
2022-12-31,GRTUSDT,2992736.39995,True
2022-12-31,ENSUSDT,2942705.9659,True
2022-12-31,VETUSDT,2488330.3929465003,True
2022-12-31,THETAUSDT,2294101.8767999997,True
2022-12-31,ZECUSDT,2190910.8367,False
2022-12-31,ZILUSDT,2020529.9990444998,True
2022-12-31,HBARUSDT,2009847.2708,False
2022-12-31,NEOUSDT,1955151.12965,False
2022-12-31,LDOUSDT,1930657.39603,False
2022-12-31,YFIUSDT,1819341.7388300002,True
2022-12-31,COMPUSDT,1754313.420285,False
2022-12-31,INJUSDT,1730501.35965,True
2022-12-31,IOTAUSDT,1655170.0452999999,False
2022-12-31,ENJUSDT,1548020.9284950001,False
2022-12-31,1INCHUSDT,1421664.4653500002,False
2022-12-31,XTZUSDT,1411421.0823499998,False
2022-12-31,ONEUSDT,1319608.0968875,False
2022-12-31,BATUSDT,1182645.7635,False
2022-12-31,RNDRUSDT,1098215.7408099999,False
2022-12-31,IMXUSDT,1047922.079575,False
2023-01-31,BTCUSDT,5962222347.014289,True
2023-01-31,ETHUSDT,703055868.244034,True
2023-01-31,SOLUSDT,152865305.51445,True
2023-01-31,XRPUSDT,143753269.2012,True
2023-01-31,DOGEUSDT,95025637.801625,True
2023-01-31,MATICUSDT,72249026.015205,True
2023-01-31,LTCUSDT,63335990.17853,True
2023-01-31,SHIBUSDT,62863643.01338975,True
2023-01-31,AVAXUSDT,60354525.89614999,True
2023-01-31,OPUSDT,57655236.165235,True
2023-01-31,ADAUSDT,46458893.037925005,True
2023-01-31,FTMUSDT,45493272.84165,True
2023-01-31,NEARUSDT,42617204.48425,True
2023-01-31,LDOUSDT,40135422.68996,False
2023-01-31,LINKUSDT,35034055.53411,True
2023-01-31,FILUSDT,32504208.103589997,True
2023-01-31,SANDUSDT,31118433.551749997,True
2023-01-31,DOTUSDT,31050286.087169997,True
2023-01-31,APEUSDT,30882639.973105,True
2023-01-31,ETCUSDT,26811131.1304,True
2023-01-31,ATOMUSDT,25414287.45502,True
2023-01-31,TRXUSDT,25092548.844089,True
2023-01-31,FETUSDT,25021389.813,True
2023-01-31,AXSUSDT,24649064.3512,True
2023-01-31,MANAUSDT,24288351.744450003,True
2023-01-31,CHZUSDT,19237653.4432,True
2023-01-31,MASKUSDT,17205144.92495,True
2023-01-31,CRVUSDT,16542206.4043,True
2023-01-31,DYDXUSDT,15982832.28586,True
2023-01-31,WAVESUSDT,15416733.310465,True
2023-01-31,XMRUSDT,13527792.6894,True
2023-01-31,AAVEUSDT,13467351.07855,True
2023-01-31,ZILUSDT,11869583.0119865,True
2023-01-31,SUSHIUSDT,11628369.29985,True
2023-01-31,ALGOUSDT,11076030.7122,True
2023-01-31,UNIUSDT,10928629.478415001,True
2023-01-31,KAVAUSDT,9449549.6202,True
2023-01-31,GRTUSDT,9115265.4985,True
2023-01-31,ICPUSDT,8987073.18579,True
2023-01-31,RUNEUSDT,8077975.2519000005,True
2023-01-31,ENSUSDT,7883494.51375,True
2023-01-31,EOSUSDT,7617694.3078,True
2023-01-31,EGLDUSDT,6757104.3128,True
2023-01-31,VETUSDT,6741022.0698915,True
2023-01-31,THETAUSDT,6595125.477849999,True
2023-01-31,BCHUSDT,6504280.3918,True
2023-01-31,HBARUSDT,6363115.3791499995,True
2023-01-31,RNDRUSDT,5867549.691190001,False
2023-01-31,ENJUSDT,5827691.45954,False
2023-01-31,ONEUSDT,5767779.1752455,False
2023-01-31,DASHUSDT,5495650.36183,False
2023-01-31,INJUSDT,5338081.34135,False
2023-01-31,SNXUSDT,5039514.7664,True
2023-01-31,XLMUSDT,4859787.8835,True
2023-01-31,COMPUSDT,4248159.189215001,False
2023-01-31,ZECUSDT,3971821.00285,False
2023-01-31,IMXUSDT,3404784.0888050003,False
2023-01-31,1INCHUSDT,3403838.58615,False
2023-01-31,XTZUSDT,2933019.7861,False
2023-01-31,YFIUSDT,2905964.0365350004,False
2023-01-31,BATUSDT,2663587.11015,False
2023-01-31,MKRUSDT,2648283.77345,False
2023-01-31,NEOUSDT,2571572.08115,False
2023-01-31,IOTAUSDT,2554400.4428000003,False
2023-01-31,STXUSDT,1079796.1078499998,False
2023-02-28,BTCUSDT,7149235569.390974,True
2023-02-28,ETHUSDT,750804778.3083515,True
2023-02-28,XRPUSDT,137381353.28455,True
2023-02-28,MATICUSDT,121619169.957445,True
2023-02-28,SOLUSDT,113981724.94405,True
2023-02-28,OPUSDT,88232116.82503,True
2023-02-28,FTMUSDT,85974737.27085,True
2023-02-28,DOGEUSDT,83881723.30403,True
2023-02-28,LDOUSDT,76382795.83333501,True
2023-02-28,SHIBUSDT,74396836.49583933,True
2023-02-28,LTCUSDT,56594155.57259,True
2023-02-28,FILUSDT,52313206.06809001,True
2023-02-28,DYDXUSDT,51950977.026374996,True
2023-02-28,AVAXUSDT,46524203.845699996,True
2023-02-28,FETUSDT,45390539.664900005,True
2023-02-28,ADAUSDT,42472334.985249996,True
2023-02-28,RNDRUSDT,38792103.455275,True
2023-02-28,DOTUSDT,36507784.11039,True
2023-02-28,LINKUSDT,35561639.765005,True
2023-02-28,GRTUSDT,33281162.74955,True
2023-02-28,NEARUSDT,32242930.23555,True
2023-02-28,SANDUSDT,29619605.1208,True
2023-02-28,TRXUSDT,27772910.739714,True
2023-02-28,MASKUSDT,27151016.5579,True
2023-02-28,ATOMUSDT,26087843.15842,True
2023-02-28,INJUSDT,23431299.18935,False
2023-02-28,ETCUSDT,22459603.010449998,True
2023-02-28,CHZUSDT,21297984.1421,True
2023-02-28,AXSUSDT,20036926.57915,True
2023-02-28,CRVUSDT,19531113.155249998,True
2023-02-28,MANAUSDT,18910633.591399997,True
2023-02-28,APEUSDT,17975652.344705,True
2023-02-28,IMXUSDT,14280318.332619999,False
2023-02-28,UNIUSDT,13604869.246355,True
2023-02-28,EOSUSDT,13494784.3785,True
2023-02-28,SUSHIUSDT,12757526.32925,True
2023-02-28,WAVESUSDT,12730915.426755,True
2023-02-28,XMRUSDT,12676051.41135,True
2023-02-28,AAVEUSDT,12349477.693,True
2023-02-28,ALGOUSDT,12142693.259,True
2023-02-28,ZILUSDT,12058431.9342045,True
2023-02-28,SNXUSDT,11848611.046,True
2023-02-28,HBARUSDT,11515925.39535,True
2023-02-28,VETUSDT,10381625.193907,True
2023-02-28,ICPUSDT,10269394.146675,True
2023-02-28,DASHUSDT,9706034.05573,False
2023-02-28,EGLDUSDT,9518860.745900001,True
2023-02-28,ENSUSDT,9437559.158599999,True
2023-02-28,ONEUSDT,8733083.918593,True
2023-02-28,RUNEUSDT,8601947.910349999,True
2023-02-28,NEOUSDT,7538198.5524,False
2023-02-28,THETAUSDT,6675276.9575,True
2023-02-28,ZECUSDT,6607253.79115,False
2023-02-28,1INCHUSDT,6152627.35795,False
2023-02-28,KAVAUSDT,6066179.0419,True
2023-02-28,BCHUSDT,5983738.596899999,True
2023-02-28,XLMUSDT,5667223.67625,False
2023-02-28,ENJUSDT,5062813.17481,False
2023-02-28,STXUSDT,4318429.6703,False
2023-02-28,MKRUSDT,4112004.4305,False
2023-02-28,COMPUSDT,4099802.7824950004,False
2023-02-28,BATUSDT,3962072.2281,False
2023-02-28,XTZUSDT,3802355.2816500003,False
2023-02-28,YFIUSDT,3223652.6482499996,False
2023-02-28,IOTAUSDT,3098774.4887,False
2023-03-31,BTCUSDT,6579383321.244237,True
2023-03-31,ETHUSDT,1039720312.4603425,True
2023-03-31,XRPUSDT,201447239.3099,True
2023-03-31,MATICUSDT,100022757.76527,True
2023-03-31,SOLUSDT,99660034.40810001,True
2023-03-31,FTMUSDT,83098695.31025,True
2023-03-31,LTCUSDT,74974001.19582,True
2023-03-31,DOGEUSDT,68010605.492575,True
2023-03-31,FILUSDT,63920565.45745,True
2023-03-31,OPUSDT,61918929.48487499,True
2023-03-31,MASKUSDT,60968866.516,True
2023-03-31,LDOUSDT,53522229.279195,True
2023-03-31,ADAUSDT,51046947.583680004,True
2023-03-31,SHIBUSDT,47224758.79972156,True
2023-03-31,DYDXUSDT,46706436.547445,True
2023-03-31,STXUSDT,46265377.24412,False
2023-03-31,LINKUSDT,36101526.36498,True
2023-03-31,AVAXUSDT,32862692.92125,True
2023-03-31,DOTUSDT,32382259.667834997,True
2023-03-31,TRXUSDT,29840718.450641498,True
2023-03-31,FETUSDT,26841163.52105,True
2023-03-31,ATOMUSDT,26070207.96807,True
2023-03-31,NEARUSDT,21708992.87065,True
2023-03-31,EOSUSDT,21594927.5854,True
2023-03-31,SANDUSDT,20432485.98505,True
2023-03-31,INJUSDT,18909710.57235,True
2023-03-31,SNXUSDT,18427789.101499997,True
2023-03-31,GRTUSDT,17227395.38495,True
2023-03-31,RNDRUSDT,17080309.068875,True
2023-03-31,APEUSDT,16976454.383855,True
2023-03-31,IMXUSDT,15507875.230385,True
2023-03-31,ETCUSDT,15396785.3806,True
2023-03-31,CRVUSDT,14683135.274750002,True
2023-03-31,XMRUSDT,12705034.4373,True
2023-03-31,MKRUSDT,12447158.14015,False
2023-03-31,MANAUSDT,10941205.6541,True
2023-03-31,UNIUSDT,10626445.84538,True
2023-03-31,CHZUSDT,10487465.9422,True
2023-03-31,NEOUSDT,9758493.2249,False
2023-03-31,ALGOUSDT,9695311.921950001,True
2023-03-31,SUSHIUSDT,9671944.6864,True
2023-03-31,VETUSDT,8867171.252547,True
2023-03-31,AXSUSDT,8854885.07375,True
2023-03-31,ICPUSDT,8664680.19449,True
2023-03-31,YFIUSDT,8572672.44004,False
2023-03-31,KAVAUSDT,8417342.980349999,True
2023-03-31,DASHUSDT,8291816.14309,True
2023-03-31,EGLDUSDT,7589866.8262,True
2023-03-31,HBARUSDT,7532433.494349999,True
2023-03-31,RUNEUSDT,6701101.66785,True
2023-03-31,AAVEUSDT,6621099.31925,True
2023-03-31,BCHUSDT,6609824.071699999,False
2023-03-31,XLMUSDT,6477070.71055,False
2023-03-31,WAVESUSDT,6290514.26693,True
2023-03-31,ENSUSDT,6241750.0569,True
2023-03-31,ZILUSDT,5744401.5092325,True
2023-03-31,ZECUSDT,5663337.6321,False
2023-03-31,ONEUSDT,5028159.4327935,True
2023-03-31,THETAUSDT,4520250.6138,False
2023-03-31,ENJUSDT,3947421.684305,False
2023-03-31,XTZUSDT,3621875.98135,False
2023-03-31,BATUSDT,3316246.10375,False
2023-03-31,1INCHUSDT,3094473.0645500002,False
2023-03-31,IOTAUSDT,2729268.21355,False
2023-03-31,COMPUSDT,2468185.53534,False
2023-04-30,BTCUSDT,1514748808.3851943,True
2023-04-30,ETHUSDT,821590801.0520895,True
2023-04-30,XRPUSDT,172265794.5293,True
2023-04-30,DOGEUSDT,145246337.91245502,True
2023-04-30,SOLUSDT,73613341.1057,True
2023-04-30,LTCUSDT,59610140.90402,True
2023-04-30,MATICUSDT,53808074.985025,True
2023-04-30,FTMUSDT,46174581.701000005,True
2023-04-30,ADAUSDT,45661936.46076,True
2023-04-30,INJUSDT,44356015.001049995,True
2023-04-30,SHIBUSDT,34622913.27146449,True
2023-04-30,FILUSDT,33105029.82378,True
2023-04-30,RNDRUSDT,31492124.707535,True
2023-04-30,LINKUSDT,28580226.875935,True
2023-04-30,AVAXUSDT,27398792.6638,True
2023-04-30,OPUSDT,25838843.865434997,True
2023-04-30,DYDXUSDT,24603835.289695002,True
2023-04-30,DOTUSDT,22768900.060695,True
2023-04-30,ATOMUSDT,22357560.77377,True
2023-04-30,MASKUSDT,22211305.00635,True
2023-04-30,LDOUSDT,20567468.90377,True
2023-04-30,TRXUSDT,19143515.196613498,True
2023-04-30,FETUSDT,16860084.54395,True
2023-04-30,CHZUSDT,16055279.4389,True
2023-04-30,SANDUSDT,15942675.62605,True
2023-04-30,ETCUSDT,15013643.0931,True
2023-04-30,APEUSDT,14342169.752965,True
2023-04-30,NEARUSDT,13802631.77895,True
2023-04-30,STXUSDT,12352732.69279,True
2023-04-30,MANAUSDT,10874247.177749999,True
2023-04-30,EOSUSDT,10859685.647950001,True
2023-04-30,GRTUSDT,10463386.2986,True
2023-04-30,ZILUSDT,9437605.342253,True
2023-04-30,CRVUSDT,9077434.592349999,True
2023-04-30,ICPUSDT,8751433.697315,True
2023-04-30,XMRUSDT,8592447.95705,True
2023-04-30,SNXUSDT,8410274.45765,True
2023-04-30,IMXUSDT,7993178.019195,True
2023-04-30,UNIUSDT,6976851.126505,True
2023-04-30,GMXUSDT,6935532.0177,False
2023-04-30,RUNEUSDT,6683525.360649999,True
2023-04-30,VETUSDT,6619099.4356195,True
2023-04-30,ALGOUSDT,6609139.40395,True
2023-04-30,HBARUSDT,6580439.546800001,True
2023-04-30,MKRUSDT,6560709.745,True
2023-04-30,AXSUSDT,6390108.582049999,True
2023-04-30,EGLDUSDT,6092407.8386,True
2023-04-30,NEOUSDT,5021688.96815,True
2023-04-30,BCHUSDT,4977980.646600001,False
2023-04-30,AAVEUSDT,4565324.10935,True
2023-04-30,SUSHIUSDT,4529159.044749999,True
2023-04-30,XLMUSDT,4402386.421250001,False
2023-04-30,DASHUSDT,4243003.2845600005,True
2023-04-30,WAVESUSDT,4065443.89879,False
2023-04-30,ONEUSDT,4034671.8330755,False
2023-04-30,ENJUSDT,4021729.666115,False
2023-04-30,THETAUSDT,3949868.15185,False
2023-04-30,KAVAUSDT,3822637.1601,True
2023-04-30,ENSUSDT,3667813.9943,False
2023-04-30,YFIUSDT,3251414.561835,False
2023-04-30,ZECUSDT,3231148.73105,False
2023-04-30,XTZUSDT,2887029.5815,False
2023-04-30,IOTAUSDT,2589216.07075,False
2023-04-30,BATUSDT,2412073.87615,False
2023-04-30,1INCHUSDT,2391783.9881499996,False
2023-04-30,COMPUSDT,1962436.856655,False
2023-05-31,BTCUSDT,1133319217.9705553,True
2023-05-31,ETHUSDT,633273161.638213,True
2023-05-31,XRPUSDT,134356754.11455,True
2023-05-31,SOLUSDT,54252046.6116,True
2023-05-31,LTCUSDT,51916334.906660005,True
2023-05-31,RNDRUSDT,41368420.290254995,True
2023-05-31,MATICUSDT,41153366.484825,True
2023-05-31,DOGEUSDT,33858466.630715,True
2023-05-31,FTMUSDT,25473964.3344,True
2023-05-31,ADAUSDT,24152396.908715002,True
2023-05-31,TRXUSDT,21560464.213795498,True
2023-05-31,OPUSDT,20803309.796635002,True
2023-05-31,INJUSDT,20474590.755599998,True
2023-05-31,AVAXUSDT,18395520.076849997,True
2023-05-31,FILUSDT,16922878.868505,True
2023-05-31,LDOUSDT,16616108.443750001,True
2023-05-31,SHIBUSDT,15471992.926624615,True
2023-05-31,LINKUSDT,14887554.01451,True
2023-05-31,MASKUSDT,14122560.4503,True
2023-05-31,DYDXUSDT,12420548.382645,True
2023-05-31,FETUSDT,12386118.1951,True
2023-05-31,DOTUSDT,11344377.690340001,True
2023-05-31,SANDUSDT,10986709.3541,True
2023-05-31,ATOMUSDT,10813725.84197,True
2023-05-31,STXUSDT,8732665.98409,True
2023-05-31,KAVAUSDT,7723266.47185,True
2023-05-31,EOSUSDT,7575563.60795,True
2023-05-31,APEUSDT,7312917.876995,True
2023-05-31,XMRUSDT,7301341.927,True
2023-05-31,NEARUSDT,7168461.512399999,True
2023-05-31,GRTUSDT,6373055.3773,True
2023-05-31,CHZUSDT,5863300.30235,True
2023-05-31,ICPUSDT,5622600.03739,True
2023-05-31,CRVUSDT,5538334.277,True
2023-05-31,MANAUSDT,5487119.095000001,True
2023-05-31,NEOUSDT,5083288.648,True
2023-05-31,SNXUSDT,4833449.1501,True
2023-05-31,ETCUSDT,4774576.44445,True
2023-05-31,AXSUSDT,4261679.33775,True
2023-05-31,ALGOUSDT,4207085.8781,True
2023-05-31,IMXUSDT,4205362.61875,True
2023-05-31,VETUSDT,3893631.15584,True
2023-05-31,EGLDUSDT,3889670.4242000002,True
2023-05-31,UNIUSDT,3866393.9990950003,True
2023-05-31,GMXUSDT,3826554.80702,True
2023-05-31,RUNEUSDT,3408311.2224,True
2023-05-31,BCHUSDT,3254853.9811,True
2023-05-31,ZILUSDT,2904850.4055124996,True
2023-05-31,HBARUSDT,2886619.67605,True
2023-05-31,SUSHIUSDT,2733431.0174000002,True
2023-05-31,WAVESUSDT,2731261.1637399998,False
2023-05-31,AAVEUSDT,2619897.45975,True
2023-05-31,DASHUSDT,2550954.792305,False
2023-05-31,XLMUSDT,2533074.2136,False
2023-05-31,ZECUSDT,2299858.4951,False
2023-05-31,ONEUSDT,1998519.784526,False
2023-05-31,ENSUSDT,1958653.6032,False
2023-05-31,THETAUSDT,1868947.4655499998,False
2023-05-31,MKRUSDT,1855642.92215,True
2023-05-31,IOTAUSDT,1663694.3726,False
2023-05-31,XTZUSDT,1452078.0487,False
2023-05-31,YFIUSDT,1389176.73079,False
2023-05-31,ENJUSDT,1385603.845075,False
2023-05-31,COMPUSDT,1139709.536125,False
2023-05-31,1INCHUSDT,1085042.34345,False
2023-06-30,BTCUSDT,1130374403.4220166,True
2023-06-30,ETHUSDT,584349374.944332,True
2023-06-30,XRPUSDT,161951453.3908,True
2023-06-30,SOLUSDT,60958569.985249996,True
2023-06-30,MATICUSDT,57347493.98043,True
2023-06-30,LTCUSDT,50706787.063855,True
2023-06-30,DOGEUSDT,34223314.81796,True
2023-06-30,ADAUSDT,34044848.66382,True
2023-06-30,OPUSDT,27188527.23155,True
2023-06-30,RNDRUSDT,24194095.53069,True
2023-06-30,FTMUSDT,21926987.1365,True
2023-06-30,AVAXUSDT,21012925.512199998,True
2023-06-30,LINKUSDT,18767514.17484,True
2023-06-30,TRXUSDT,17783732.1633515,True
2023-06-30,INJUSDT,16905896.902,True
2023-06-30,SHIBUSDT,16353335.160273831,True
2023-06-30,APEUSDT,15631070.323635,True
2023-06-30,FILUSDT,15573847.34458,True
2023-06-30,DOTUSDT,14446161.203189999,True
2023-06-30,STXUSDT,13700098.264759999,True
2023-06-30,SANDUSDT,12713713.5932,True
2023-06-30,MASKUSDT,11722070.488499999,True
2023-06-30,XMRUSDT,10636744.5716,True
2023-06-30,ATOMUSDT,10361116.381515,True
2023-06-30,EOSUSDT,10057271.3194,True
2023-06-30,LDOUSDT,9810864.607244998,True
2023-06-30,NEARUSDT,9782250.3202,True
2023-06-30,DYDXUSDT,9738926.317665,True
2023-06-30,FETUSDT,9685749.17645,True
2023-06-30,CRVUSDT,8546178.8882,True
2023-06-30,AXSUSDT,7333967.306299999,True
2023-06-30,GRTUSDT,7265487.28895,True
2023-06-30,KAVAUSDT,6360330.2798500005,True
2023-06-30,MANAUSDT,6216439.6342,True
2023-06-30,VETUSDT,6179899.1647435,True
2023-06-30,CHZUSDT,5822662.38455,True
2023-06-30,ETCUSDT,5429385.293099999,True
2023-06-30,UNIUSDT,5233038.726335,True
2023-06-30,ICPUSDT,4631712.585975,True
2023-06-30,ALGOUSDT,4564656.6457,True
2023-06-30,AAVEUSDT,4446382.3016800005,True
2023-06-30,BCHUSDT,4224137.3979,True
2023-06-30,SNXUSDT,4082911.82555,True
2023-06-30,NEOUSDT,4031776.8715500003,True
2023-06-30,HBARUSDT,4023299.89395,True
2023-06-30,MKRUSDT,3954770.6155000003,True
2023-06-30,RUNEUSDT,3742598.2896999996,True
2023-06-30,IMXUSDT,3694312.788985,True
2023-06-30,XLMUSDT,3518428.86185,False
2023-06-30,GMXUSDT,3480960.465195,True
2023-06-30,EGLDUSDT,3454833.7155999998,True
2023-06-30,WAVESUSDT,3133496.19477,False
2023-06-30,ZILUSDT,3103418.2511609998,True
2023-06-30,ONEUSDT,2958979.2133569997,False
2023-06-30,ZECUSDT,2784293.023325,False
2023-06-30,DASHUSDT,2747657.904545,False
2023-06-30,SUSHIUSDT,2525579.9819,True
2023-06-30,1INCHUSDT,2307373.412165,False
2023-06-30,ENSUSDT,2158354.5662000002,False
2023-06-30,THETAUSDT,2032099.0598,False
2023-06-30,IOTAUSDT,1639371.43525,False
2023-06-30,ENJUSDT,1638125.2633500001,False
2023-06-30,XTZUSDT,1392245.74725,False
2023-06-30,YFIUSDT,1319299.06965,False
2023-06-30,COMPUSDT,1230936.954305,False
2023-07-31,BTCUSDT,819110554.763192,True
2023-07-31,ETHUSDT,405385414.06308544,True
2023-07-31,XRPUSDT,220291951.56155002,True
2023-07-31,SOLUSDT,103621532.1306,True
2023-07-31,LTCUSDT,66287478.543515,True
2023-07-31,DOGEUSDT,65840849.165335,True
2023-07-31,BCHUSDT,45261948.07179999,True
2023-07-31,MATICUSDT,38245163.063095,True
2023-07-31,ADAUSDT,28442605.493055,True
2023-07-31,COMPUSDT,27190465.844690003,False
2023-07-31,LINKUSDT,24631472.732205,True
2023-07-31,OPUSDT,24118453.985595003,True
2023-07-31,AVAXUSDT,23535065.50275,True
2023-07-31,SHIBUSDT,22581709.31906872,True
2023-07-31,XLMUSDT,19155307.6804,True
2023-07-31,MKRUSDT,18684411.265699998,True
2023-07-31,TRXUSDT,17803755.527832,True
2023-07-31,FTMUSDT,17779581.3697,True
2023-07-31,FILUSDT,17451502.38181,True
2023-07-31,SNXUSDT,14387427.497200001,True
2023-07-31,INJUSDT,13299026.7928,True
2023-07-31,WAVESUSDT,12846664.584830001,False
2023-07-31,APEUSDT,12612764.954255,True
2023-07-31,DOTUSDT,12096173.60451,True
2023-07-31,DYDXUSDT,11747114.80347,True
2023-07-31,AAVEUSDT,11679045.10312,True
2023-07-31,EOSUSDT,10440451.65415,True
2023-07-31,MASKUSDT,10170952.5775,True
2023-07-31,LDOUSDT,9941570.429499999,True
2023-07-31,ATOMUSDT,9565629.74935,True
2023-07-31,ETCUSDT,8695727.42735,True
2023-07-31,XMRUSDT,8498277.336399999,True
2023-07-31,UNIUSDT,8320830.119975001,True
2023-07-31,NEARUSDT,8138713.614800001,True
2023-07-31,SANDUSDT,7867916.09595,True
2023-07-31,RNDRUSDT,7853546.897825,True
2023-07-31,FETUSDT,7171810.10245,True
2023-07-31,ALGOUSDT,5568784.04995,True
2023-07-31,STXUSDT,5543699.6458,True
2023-07-31,CRVUSDT,4908351.7236,True
2023-07-31,MANAUSDT,4869992.27075,True
2023-07-31,GRTUSDT,4826806.930600001,True
2023-07-31,VETUSDT,4622566.2613894995,True
2023-07-31,HBARUSDT,4491738.69745,True
2023-07-31,ICPUSDT,4321304.6004099995,True
2023-07-31,AXSUSDT,4266919.7289,True
2023-07-31,KAVAUSDT,4025807.67705,True
2023-07-31,1INCHUSDT,3707156.460155,False
2023-07-31,CHZUSDT,3552075.9025499998,True
2023-07-31,NEOUSDT,3090488.9532500003,True
2023-07-31,ZILUSDT,3028450.146266,False
2023-07-31,RUNEUSDT,2977210.6157,True
2023-07-31,THETAUSDT,2812833.38185,False
2023-07-31,ZECUSDT,2670238.7353600003,False
2023-07-31,GMXUSDT,2595834.88656,True
2023-07-31,SUSHIUSDT,2580042.50905,False
2023-07-31,EGLDUSDT,2531487.2846999997,False
2023-07-31,IMXUSDT,2233575.4772699997,True
2023-07-31,ONEUSDT,2131644.912212,False
2023-07-31,ENJUSDT,1900565.95353,False
2023-07-31,DASHUSDT,1857232.7008500001,False
2023-07-31,ENSUSDT,1720718.5721999998,False
2023-07-31,YFIUSDT,1610299.5892150002,False
2023-07-31,XTZUSDT,1161081.4301999998,False
2023-07-31,BATUSDT,1017571.0439500001,False
2023-07-31,IOTAUSDT,1003501.8134999999,False
2023-08-31,BTCUSDT,790586061.1099291,True
2023-08-31,ETHUSDT,354713763.85778403,True
2023-08-31,XRPUSDT,183594645.3954,True
2023-08-31,SOLUSDT,65009764.255150005,True
2023-08-31,SHIBUSDT,45679205.0520029,True
2023-08-31,DOGEUSDT,43871012.200004995,True
2023-08-31,MATICUSDT,32560649.350285,True
2023-08-31,LTCUSDT,32380269.65411,True
2023-08-31,OPUSDT,30140209.44866,True
2023-08-31,LINKUSDT,22367467.289334998,True
2023-08-31,BCHUSDT,21676749.715949997,True
2023-08-31,RUNEUSDT,20902772.615199998,True
2023-08-31,ADAUSDT,16285428.84662,True
2023-08-31,TRXUSDT,15619173.876339,True
2023-08-31,HBARUSDT,11422030.893849999,True
2023-08-31,AVAXUSDT,11041414.914099999,True
2023-08-31,CRVUSDT,10933887.361060001,True
2023-08-31,FTMUSDT,10764259.294599999,True
2023-08-31,APEUSDT,10449847.791639999,True
2023-08-31,DYDXUSDT,10243704.7072,True
2023-08-31,FILUSDT,9508866.204565,True
2023-08-31,MKRUSDT,9508153.502349999,True
2023-08-31,XMRUSDT,8369515.5786999995,True
2023-08-31,FETUSDT,7959020.090849999,True
2023-08-31,XLMUSDT,7863820.881,True
2023-08-31,INJUSDT,7770996.1589,True
2023-08-31,DOTUSDT,7636835.227050001,True
2023-08-31,ATOMUSDT,7515184.6857900005,True
2023-08-31,UNIUSDT,6963048.008895,True
2023-08-31,SNXUSDT,6933580.04095,True
2023-08-31,COMPUSDT,6637231.896605,True
2023-08-31,RNDRUSDT,6415659.88728,True
2023-08-31,SANDUSDT,5484466.04545,True
2023-08-31,NEARUSDT,5192518.98415,True
2023-08-31,EOSUSDT,4993439.526450001,True
2023-08-31,LDOUSDT,4923555.01691,True
2023-08-31,MASKUSDT,4782451.1958,True
2023-08-31,AGIXUSDT,4757014.061175,False
2023-08-31,ETCUSDT,4696087.9983,True
2023-08-31,AAVEUSDT,4527299.532125,True
2023-08-31,ICPUSDT,4132352.55568,True
2023-08-31,STXUSDT,3932368.477505,True
2023-08-31,WAVESUSDT,3924644.5374849997,True
2023-08-31,GRTUSDT,3707974.65145,True
2023-08-31,ALGOUSDT,3621469.4592,True
2023-08-31,GMXUSDT,3571511.283005,True
2023-08-31,KAVAUSDT,3446371.32415,True
2023-08-31,MANAUSDT,2901088.8573,True
2023-08-31,SUSHIUSDT,2696876.8979,False
2023-08-31,VETUSDT,2640185.4182404997,True
2023-08-31,EGLDUSDT,2529875.7934,False
2023-08-31,AXSUSDT,2467589.2207,True
2023-08-31,IMXUSDT,2283262.523682,False
2023-08-31,CHZUSDT,2224729.8329000003,True
2023-08-31,THETAUSDT,1992781.3801000002,False
2023-08-31,ONEUSDT,1807475.8397714999,False
2023-08-31,1INCHUSDT,1665394.135905,False
2023-08-31,ZECUSDT,1645895.00403,False
2023-08-31,ZILUSDT,1602127.2357295002,False
2023-08-31,YFIUSDT,1458702.0164100002,False
2023-08-31,NEOUSDT,1421668.6784,True
2023-08-31,DASHUSDT,1373747.66714,False
2023-08-31,ENJUSDT,1108014.382985,False
2023-08-31,BATUSDT,1077211.32075,False
2023-09-30,BTCUSDT,697983219.4008062,True
2023-09-30,ETHUSDT,334764269.2037635,True
2023-09-30,XRPUSDT,126090157.27225,True
2023-09-30,SOLUSDT,47906924.3054,True
2023-09-30,LTCUSDT,28707019.16451,True
2023-09-30,DOGEUSDT,23843331.334535003,True
2023-09-30,ARBUSDT,23737139.0836,False
2023-09-30,MATICUSDT,22095238.79829,True
2023-09-30,LINKUSDT,21373104.010964997,True
2023-09-30,BCHUSDT,21216420.2373,True
2023-09-30,TRXUSDT,16135290.329295,True
2023-09-30,OPUSDT,15386743.46853,True
2023-09-30,RUNEUSDT,13099748.114149999,True
2023-09-30,ADAUSDT,12304146.629355,True
2023-09-30,SHIBUSDT,11777321.953122824,True
2023-09-30,MKRUSDT,10318592.09245,True
2023-09-30,AVAXUSDT,8972126.17315,True
2023-09-30,APEUSDT,8930934.52744,True
2023-09-30,DOTUSDT,8682203.73062,True
2023-09-30,FILUSDT,8104002.365345,True
2023-09-30,FETUSDT,7639251.2848000005,True
2023-09-30,ATOMUSDT,7278378.03961,True
2023-09-30,CRVUSDT,6051011.502285,True
2023-09-30,XMRUSDT,6016771.421,True
2023-09-30,FTMUSDT,6008199.414899999,True
2023-09-30,RNDRUSDT,5518720.659235,True
2023-09-30,XLMUSDT,5478246.10315,True
2023-09-30,INJUSDT,5375074.2598,True
2023-09-30,DYDXUSDT,5310626.025135,True
2023-09-30,SNXUSDT,4773486.60305,True
2023-09-30,HBARUSDT,4749326.036800001,True
2023-09-30,STXUSDT,4701959.812325,True
2023-09-30,NEARUSDT,4519497.26855,True
2023-09-30,UNIUSDT,4391571.880075,True
2023-09-30,EOSUSDT,4205101.42585,True
2023-09-30,ETCUSDT,3980947.72375,True
2023-09-30,SANDUSDT,3745779.4299,True
2023-09-30,COMPUSDT,3428689.333985,True
2023-09-30,AGIXUSDT,3402838.9971700003,True
2023-09-30,ICPUSDT,3385601.44144,True
2023-09-30,VETUSDT,3349507.3599285,True
2023-09-30,ALGOUSDT,3220602.14665,True
2023-09-30,KAVAUSDT,3207577.40145,True
2023-09-30,AAVEUSDT,3143066.554165,True
2023-09-30,GRTUSDT,3075068.33015,True
2023-09-30,MANAUSDT,2978498.8156500002,True
2023-09-30,LDOUSDT,2954898.55777,True
2023-09-30,MASKUSDT,2869419.5273,True
2023-09-30,AXSUSDT,2648567.3066499997,True
2023-09-30,EGLDUSDT,2360804.62045,False
2023-09-30,WAVESUSDT,2305953.33753,True
2023-09-30,ENJUSDT,2083671.95029,False
2023-09-30,GMXUSDT,2070414.2254400002,True
2023-09-30,ONEUSDT,2061407.5048525,False
2023-09-30,THETAUSDT,1957019.4611499999,False
2023-09-30,NEOUSDT,1882037.3142499998,False
2023-09-30,IMXUSDT,1804407.4499865,False
2023-09-30,ZILUSDT,1795052.3000935,False
2023-09-30,CHZUSDT,1755267.0151999998,False
2023-09-30,IOTAUSDT,1457332.04195,False
2023-09-30,ZECUSDT,1373538.00783,False
2023-09-30,1INCHUSDT,1157188.203485,False
2023-09-30,SUSHIUSDT,1122171.8498,False
2023-09-30,ENSUSDT,1078334.71705,False
2023-09-30,DASHUSDT,1056066.699215,False
2023-10-31,BTCUSDT,892394079.7574595,True
2023-10-31,ETHUSDT,372436851.7305725,True
2023-10-31,XRPUSDT,128281014.9867,True
2023-10-31,SOLUSDT,110108580.26235,True
2023-10-31,LINKUSDT,37971396.78224,True
2023-10-31,MATICUSDT,32001910.022535,True
2023-10-31,ARBUSDT,26685197.814845,True
2023-10-31,RUNEUSDT,25804731.97275,True
2023-10-31,LTCUSDT,22993854.903715,True
2023-10-31,AVAXUSDT,22837808.5444,True
2023-10-31,DOGEUSDT,21799678.750935,True
2023-10-31,TRXUSDT,21483018.7740875,True
2023-10-31,BCHUSDT,20219027.31715,True
2023-10-31,OPUSDT,17280113.70159,True
2023-10-31,ADAUSDT,15704323.564705,True
2023-10-31,SUIUSDT,15546107.91392,False
2023-10-31,RNDRUSDT,13039370.36826,True
2023-10-31,SHIBUSDT,12988168.02284809,True
2023-10-31,DOTUSDT,11247344.501249999,True
2023-10-31,APEUSDT,9358692.546215,True
2023-10-31,ATOMUSDT,9189912.103285,True
2023-10-31,MKRUSDT,8762155.060800001,True
2023-10-31,INJUSDT,8625101.8161,True
2023-10-31,XMRUSDT,8574230.948199999,True
2023-10-31,FILUSDT,8059747.206595,True
2023-10-31,AAVEUSDT,7806603.347685,True
2023-10-31,STXUSDT,7145943.27805,True
2023-10-31,FETUSDT,6960781.18575,True
2023-10-31,ETCUSDT,6703757.14295,True
2023-10-31,FTMUSDT,6255874.328,True
2023-10-31,LDOUSDT,5960087.48981,True
2023-10-31,UNIUSDT,5715717.62342,True
2023-10-31,DYDXUSDT,5590862.301065,True
2023-10-31,NEARUSDT,5215202.20715,True
2023-10-31,CHZUSDT,5214572.6733800005,False
2023-10-31,XLMUSDT,5075371.1815,True
2023-10-31,EOSUSDT,5030847.8031,True
2023-10-31,CRVUSDT,4731845.6622,True
2023-10-31,SNXUSDT,4353281.6765,True
2023-10-31,HBARUSDT,4266359.343900001,True
2023-10-31,ALGOUSDT,4142291.7645500004,True
2023-10-31,GMXUSDT,4081234.5663599996,True
2023-10-31,ICPUSDT,4079096.8579949997,True
2023-10-31,VETUSDT,4044683.9872855,True
2023-10-31,MASKUSDT,4006504.3047,True
2023-10-31,AGIXUSDT,3783465.89652,True
2023-10-31,GRTUSDT,3617487.80825,True
2023-10-31,SANDUSDT,3398113.8983500004,True
2023-10-31,EGLDUSDT,3235288.2336,True
2023-10-31,COMPUSDT,3191839.00508,True
2023-10-31,KAVAUSDT,3106822.6266,True
2023-10-31,MANAUSDT,3033020.2571,True
2023-10-31,WAVESUSDT,2906779.63513,False
2023-10-31,IMXUSDT,2837742.935263,False
2023-10-31,AXSUSDT,2547563.94375,True
2023-10-31,ZILUSDT,1965026.8829565002,False
2023-10-31,XTZUSDT,1933015.37915,False
2023-10-31,NEOUSDT,1876299.56475,False
2023-10-31,ONEUSDT,1779437.2046065,False
2023-10-31,THETAUSDT,1759698.582,False
2023-10-31,ZECUSDT,1679443.062015,False
2023-10-31,1INCHUSDT,1534032.3944799998,False
2023-10-31,IOTAUSDT,1392535.9197,False
2023-10-31,ENJUSDT,1379344.12622,False
2023-10-31,SUSHIUSDT,1309720.0884500002,False
2023-10-31,DASHUSDT,1303191.328065,False
2023-10-31,ENSUSDT,1300502.95555,False
2023-10-31,YFIUSDT,1256855.721175,False
2023-11-30,BTCUSDT,1298154574.0245326,True
2023-11-30,ETHUSDT,667597728.2528245,True
2023-11-30,SOLUSDT,422072856.9694,True
2023-11-30,XRPUSDT,211346440.59335,True
2023-11-30,DOGEUSDT,132776903.818285,True
2023-11-30,LINKUSDT,117789083.3385,True
2023-11-30,RUNEUSDT,95798491.06439999,True
2023-11-30,MATICUSDT,80998964.46903,True
2023-11-30,AVAXUSDT,78081114.27605,True
2023-11-30,ARBUSDT,59515694.942175,True
2023-11-30,DYDXUSDT,45541067.651785,True
2023-11-30,ADAUSDT,43576619.78335,True
2023-11-30,NEARUSDT,40399546.252399996,True
2023-11-30,SUIUSDT,38847224.58367,True
2023-11-30,LTCUSDT,37558569.75729,True
2023-11-30,DOTUSDT,35072244.450124994,True
2023-11-30,FETUSDT,34336981.3302,True
2023-11-30,ATOMUSDT,32083679.469255,True
2023-11-30,OPUSDT,30977993.676145002,True
2023-11-30,INJUSDT,30973371.4183,True
2023-11-30,SHIBUSDT,29824207.89211896,True
2023-11-30,TRXUSDT,29462130.698881,True
2023-11-30,RNDRUSDT,29337154.2187,True
2023-11-30,FILUSDT,26366334.815954998,True
2023-11-30,UNIUSDT,23129446.148275,True
2023-11-30,SUSHIUSDT,21984612.665650003,False
2023-11-30,PEPEUSDT,21288377.29287023,False
2023-11-30,FTMUSDT,20910735.637649998,True
2023-11-30,GRTUSDT,19849839.895,True
2023-11-30,APEUSDT,19390770.673815,True
2023-11-30,AAVEUSDT,19132413.623235002,True
2023-11-30,LDOUSDT,18596334.768124998,True
2023-11-30,IMXUSDT,17875051.181734502,False
2023-11-30,SNXUSDT,14725902.02985,True
2023-11-30,BCHUSDT,14703760.4477,True
2023-11-30,AGIXUSDT,14306870.431894999,True
2023-11-30,MASKUSDT,14030818.4545,True
2023-11-30,ETCUSDT,13622963.16025,True
2023-11-30,EGLDUSDT,13398631.081,True
2023-11-30,SANDUSDT,13013109.214650001,True
2023-11-30,NEOUSDT,12893198.6151,False
2023-11-30,STXUSDT,11808674.738990001,True
2023-11-30,XMRUSDT,11441010.658300001,True
2023-11-30,MKRUSDT,11354716.939199999,True
2023-11-30,MANAUSDT,10471798.9439,True
2023-11-30,YFIUSDT,10453355.629500002,False
2023-11-30,CRVUSDT,10419887.15444,True
2023-11-30,ICPUSDT,9924730.323745001,True
2023-11-30,AXSUSDT,9697196.6736,True
2023-11-30,ALGOUSDT,9638924.941750001,True
2023-11-30,HBARUSDT,9602278.39625,True
2023-11-30,VETUSDT,8693982.887428999,True
2023-11-30,EOSUSDT,8640872.3178,True
2023-11-30,XLMUSDT,8628024.50665,True
2023-11-30,CHZUSDT,8007816.08083,False
2023-11-30,COMPUSDT,7605328.52695,True
2023-11-30,WAVESUSDT,7221954.400305,False
2023-11-30,KAVAUSDT,6277877.36225,False
2023-11-30,GMXUSDT,5300065.281905,True
2023-11-30,ENJUSDT,4924132.74764,False
2023-11-30,THETAUSDT,4677267.4563,False
2023-11-30,ENSUSDT,4455658.017449999,False
2023-11-30,ZILUSDT,4302112.4877195,False
2023-11-30,1INCHUSDT,4151640.984785,False
2023-11-30,ONEUSDT,3460070.8655995,False
2023-11-30,ZECUSDT,3317438.177585,False
2023-11-30,XTZUSDT,3227764.6588000003,False
2023-11-30,IOTAUSDT,2916035.5549,False
2023-11-30,DASHUSDT,2588910.92503,False
2023-11-30,BATUSDT,2488178.4729,False
2023-12-31,BTCUSDT,1534306454.6200278,True
2023-12-31,ETHUSDT,870451380.2728591,True
2023-12-31,SOLUSDT,667384034.5558,True
2023-12-31,XRPUSDT,228253438.9475,True
2023-12-31,AVAXUSDT,220587923.79045,True
2023-12-31,ADAUSDT,118650431.015975,True
2023-12-31,DOGEUSDT,114803631.011935,True
2023-12-31,OPUSDT,110038681.534365,True
2023-12-31,MATICUSDT,104209812.135085,True
2023-12-31,ARBUSDT,103359740.79916,True
2023-12-31,LINKUSDT,103193856.94301,True
2023-12-31,INJUSDT,91002068.71419999,True
2023-12-31,DOTUSDT,75653276.830295,True
2023-12-31,NEARUSDT,74240275.88080001,True
2023-12-31,RUNEUSDT,73819836.64275,True
2023-12-31,DYDXUSDT,53340490.320625,True
2023-12-31,SHIBUSDT,52598886.45147586,True
2023-12-31,FILUSDT,52311388.48019,True
2023-12-31,ATOMUSDT,50728702.2755,True
2023-12-31,SUIUSDT,44846896.23201,True
2023-12-31,FTMUSDT,44426751.413550004,True
2023-12-31,RNDRUSDT,43954983.47286,True
2023-12-31,ICPUSDT,40979174.482125,True
2023-12-31,LTCUSDT,40065995.31106,True
2023-12-31,STXUSDT,36361100.09098,True
2023-12-31,PEPEUSDT,35969715.199149996,True
2023-12-31,FETUSDT,33864316.6678,True
2023-12-31,TRXUSDT,28159599.084107,True
2023-12-31,IMXUSDT,27935297.3751225,True
2023-12-31,AAVEUSDT,23531810.963865,True
2023-12-31,ETCUSDT,23470543.07795,True
2023-12-31,UNIUSDT,22044905.108620003,True
2023-12-31,SNXUSDT,19361569.3428,True
2023-12-31,SANDUSDT,19232869.3175,True
2023-12-31,EGLDUSDT,18461577.3965,True
2023-12-31,APEUSDT,18264051.126435,True
2023-12-31,BCHUSDT,18101791.4745,True
2023-12-31,LDOUSDT,17751469.30167,True
2023-12-31,GRTUSDT,17120870.801,True
2023-12-31,ALGOUSDT,16203898.26545,True
2023-12-31,VETUSDT,15865492.958469,True
2023-12-31,HBARUSDT,15044449.25455,True
2023-12-31,WAVESUSDT,13874863.3956,False
2023-12-31,AXSUSDT,13394003.156399999,True
2023-12-31,IOTAUSDT,12925656.078499999,False
2023-12-31,EOSUSDT,12602080.2898,True
2023-12-31,CRVUSDT,12384136.40917,True
2023-12-31,XMRUSDT,12373782.28745,True
2023-12-31,AGIXUSDT,11937753.03066,True
2023-12-31,SUSHIUSDT,11864455.98175,True
2023-12-31,MANAUSDT,11301278.45015,True
2023-12-31,MASKUSDT,11148764.45435,True
2023-12-31,NEOUSDT,10938119.98325,False
2023-12-31,CHZUSDT,10397652.215845,False
2023-12-31,KAVAUSDT,10080238.624200001,False
2023-12-31,MKRUSDT,9539722.59625,True
2023-12-31,XLMUSDT,9000040.03335,False
2023-12-31,COMPUSDT,8572494.38045,False
2023-12-31,THETAUSDT,8557243.28875,False
2023-12-31,ZILUSDT,8173372.197067,False
2023-12-31,ENSUSDT,7347335.3943,False
2023-12-31,GMXUSDT,6634184.629249999,False
2023-12-31,ONEUSDT,6019265.559237501,False
2023-12-31,YFIUSDT,5735542.046460001,False
2023-12-31,1INCHUSDT,5342472.61939,False
2023-12-31,ENJUSDT,5155865.811175,False
2023-12-31,ZECUSDT,4860983.369349999,False
2023-12-31,XTZUSDT,3954109.60365,False
2023-12-31,DASHUSDT,3609434.7281299997,False
2023-12-31,BATUSDT,2438646.42345,False
2024-01-31,BTCUSDT,1715324244.0805926,True
2024-01-31,ETHUSDT,915249602.735883,True
2024-01-31,SOLUSDT,578392993.2326,True
2024-01-31,XRPUSDT,163571247.77359998,True
2024-01-31,ARBUSDT,161207454.8499,True
2024-01-31,SUIUSDT,111236579.76551,True
2024-01-31,AVAXUSDT,99530369.74685,True
2024-01-31,LINKUSDT,84677483.488635,True
2024-01-31,OPUSDT,80915030.71029,True
2024-01-31,DOGEUSDT,74799122.28384,True
2024-01-31,INJUSDT,69301477.32280001,True
2024-01-31,MATICUSDT,68023161.988645,True
2024-01-31,ADAUSDT,58182775.01709,True
2024-01-31,RUNEUSDT,52710276.3282,True
2024-01-31,NEARUSDT,50820908.314899996,True
2024-01-31,FILUSDT,50275979.00037,True
2024-01-31,ETCUSDT,44416286.127900004,True
2024-01-31,ICPUSDT,43726132.362320006,True
2024-01-31,ENSUSDT,42569036.9708,False
2024-01-31,DOTUSDT,38327684.020610005,True
2024-01-31,LTCUSDT,38063303.581695005,True
2024-01-31,TRXUSDT,38062107.8726725,True
2024-01-31,DYDXUSDT,34085186.690815,True
2024-01-31,RNDRUSDT,31323973.21664,True
2024-01-31,STXUSDT,30150770.759845,True
2024-01-31,LDOUSDT,26915748.174625,True
2024-01-31,ATOMUSDT,26535042.06601,True
2024-01-31,CHZUSDT,24186219.743095003,False
2024-01-31,SHIBUSDT,24086480.645008437,True
2024-01-31,FTMUSDT,22629061.59895,True
2024-01-31,WLDUSDT,18855740.6892,False
2024-01-31,BCHUSDT,17571675.518600002,True
2024-01-31,MKRUSDT,17033199.91075,True
2024-01-31,FETUSDT,16882500.4817,True
2024-01-31,PEPEUSDT,16114578.049773015,True
2024-01-31,MASKUSDT,15238409.426800001,True
2024-01-31,XMRUSDT,14071760.9845,True
2024-01-31,GRTUSDT,13520610.557500001,True
2024-01-31,APEUSDT,12177597.71555,True
2024-01-31,HBARUSDT,11896011.525400002,True
2024-01-31,UNIUSDT,11297398.9641,True
2024-01-31,AAVEUSDT,10302230.669095,True
2024-01-31,EGLDUSDT,10190664.35455,True
2024-01-31,SANDUSDT,9974093.40535,True
2024-01-31,AXSUSDT,9198076.96255,True
2024-01-31,CRVUSDT,8118620.864605,True
2024-01-31,SNXUSDT,7745213.2173999995,True
2024-01-31,VETUSDT,7648573.2711895,True
2024-01-31,KAVAUSDT,7501806.5659,False
2024-01-31,1INCHUSDT,7202256.52234,False
2024-01-31,ALGOUSDT,7092918.576400001,True
2024-01-31,WAVESUSDT,7082217.019165,False
2024-01-31,IMXUSDT,6755382.102742501,True
2024-01-31,IOTAUSDT,6679526.7146499995,False
2024-01-31,COMPUSDT,6437946.52809,False
2024-01-31,EOSUSDT,6312253.9328000005,True
2024-01-31,MANAUSDT,6305057.518200001,False
2024-01-31,XLMUSDT,5948029.3382,False
2024-01-31,SUSHIUSDT,5381665.478599999,True
2024-01-31,THETAUSDT,5276905.982249999,False
2024-01-31,AGIXUSDT,5257166.210485,True
2024-01-31,GMXUSDT,4569740.12383,False
2024-01-31,NEOUSDT,4539634.9898,False
2024-01-31,ZILUSDT,4122063.201173,False
2024-01-31,ONEUSDT,4070782.9583630003,False
2024-01-31,XTZUSDT,3718170.5620999997,False
2024-01-31,ZECUSDT,3598113.68912,False
2024-01-31,YFIUSDT,3192699.32871,False
2024-01-31,ENJUSDT,2524837.27414,False
2024-01-31,DASHUSDT,2340521.8693850003,False
2024-01-31,BATUSDT,1724453.39345,False
2024-02-29,BTCUSDT,1635404576.9413495,True
2024-02-29,ETHUSDT,1107179403.3071089,True
2024-02-29,SOLUSDT,469831023.19515,True
2024-02-29,XRPUSDT,198555430.3682,True
2024-02-29,LINKUSDT,107206484.27097,True
2024-02-29,ARBUSDT,107126325.81763,True
2024-02-29,SUIUSDT,91520825.64811501,True
2024-02-29,AVAXUSDT,86737453.63264999,True
2024-02-29,SEIUSDT,83236633.947245,False
2024-02-29,ADAUSDT,81231434.549725,True
2024-02-29,MATICUSDT,72846495.500725,True
2024-02-29,RNDRUSDT,63744606.534805,True
2024-02-29,INJUSDT,62782999.251499996,True
2024-02-29,OPUSDT,60578571.805795,True
2024-02-29,RUNEUSDT,58488753.9305,True
2024-02-29,NEARUSDT,55599209.1462,True
2024-02-29,DOGEUSDT,54485249.779935,True
2024-02-29,FILUSDT,49232949.03675,True
2024-02-29,WLDUSDT,47780835.7384,True
2024-02-29,STXUSDT,43579749.341085,True
2024-02-29,ETCUSDT,40087166.19805,True
2024-02-29,DOTUSDT,40020612.226229995,True
2024-02-29,TRXUSDT,39034175.6612145,True
2024-02-29,ICPUSDT,35088997.437189996,True
2024-02-29,LTCUSDT,33684313.575295,True
2024-02-29,SHIBUSDT,29164760.999727584,True
2024-02-29,DYDXUSDT,28748990.70082,True
2024-02-29,ATOMUSDT,28170700.06313,True
2024-02-29,ENSUSDT,25113631.5993,True
2024-02-29,FETUSDT,23534384.08425,True
2024-02-29,LDOUSDT,21869501.4513,True
2024-02-29,FTMUSDT,21138293.7573,True
2024-02-29,APEUSDT,19450068.509170003,True
2024-02-29,HBARUSDT,17651851.377800003,True
2024-02-29,PEPEUSDT,16990383.227333084,True
2024-02-29,IMXUSDT,16945790.463602,True
2024-02-29,AAVEUSDT,16847787.068365,True
2024-02-29,BCHUSDT,16749655.4663,True
2024-02-29,CHZUSDT,15994930.76131,True
2024-02-29,VETUSDT,13490651.84367,True
2024-02-29,GRTUSDT,12560386.68735,True
2024-02-29,UNIUSDT,11586187.234875001,True
2024-02-29,EGLDUSDT,11156010.46465,True
2024-02-29,SANDUSDT,11071745.83535,True
2024-02-29,AXSUSDT,10934344.4411,True
2024-02-29,SNXUSDT,10467022.864149999,True
2024-02-29,CRVUSDT,9495176.621875,True
2024-02-29,MASKUSDT,9450140.1864,True
2024-02-29,MKRUSDT,8495668.8533,True
2024-02-29,ALGOUSDT,7682790.176,True
2024-02-29,AGIXUSDT,7365590.84022,False
2024-02-29,KAVAUSDT,7267794.809599999,False
2024-02-29,SUSHIUSDT,7066639.347,False
2024-02-29,EOSUSDT,6666546.1631000005,False
2024-02-29,GMXUSDT,6616931.050595,False
2024-02-29,XLMUSDT,6426758.82815,False
2024-02-29,THETAUSDT,6198837.71855,False
2024-02-29,MANAUSDT,6119550.6099,False
2024-02-29,IOTAUSDT,5977567.414249999,False
2024-02-29,COMPUSDT,5962107.291255,False
2024-02-29,WAVESUSDT,5900898.8916299995,False
2024-02-29,NEOUSDT,5249622.017100001,False
2024-02-29,1INCHUSDT,4208498.22531,False
2024-02-29,ZILUSDT,4175461.955286,False
2024-02-29,ONEUSDT,4045648.4706385,False
2024-02-29,ZECUSDT,3863351.208315,False
2024-02-29,ENJUSDT,3445750.857115,False
2024-02-29,XTZUSDT,3231726.0996000003,False
2024-02-29,BATUSDT,3112339.61515,False
2024-02-29,YFIUSDT,2733398.801465,False
2024-02-29,DASHUSDT,2560944.9131150004,False
2024-03-31,BTCUSDT,3549655591.119013,True
2024-03-31,ETHUSDT,1939643569.4811969,True
2024-03-31,SOLUSDT,1099023134.7007,True
2024-03-31,DOGEUSDT,594098818.2417,True
2024-03-31,PEPEUSDT,569389627.2838689,True
2024-03-31,SHIBUSDT,479091172.70746934,True
2024-03-31,XRPUSDT,399994146.29465,True
2024-03-31,ARBUSDT,218429758.52197498,True
2024-03-31,AVAXUSDT,211145753.5539,True
2024-03-31,NEARUSDT,209296291.5506,True
2024-03-31,RUNEUSDT,181312676.5008,True
2024-03-31,WLDUSDT,180116737.86875,True
2024-03-31,FETUSDT,166871739.67115,True
2024-03-31,RNDRUSDT,147364857.71512002,True
2024-03-31,FILUSDT,142787636.200355,True
2024-03-31,MATICUSDT,141544143.68638,True
2024-03-31,FTMUSDT,135322005.3449,True
2024-03-31,ADAUSDT,128493294.61776501,True
2024-03-31,SUIUSDT,127788288.512125,True
2024-03-31,LTCUSDT,112150786.24459499,True
2024-03-31,LINKUSDT,109303540.663995,True
2024-03-31,DOTUSDT,107680044.979205,True
2024-03-31,OPUSDT,96515872.923225,True
2024-03-31,BCHUSDT,93286625.6072,True
2024-03-31,AGIXUSDT,91482377.26563,False
2024-03-31,SEIUSDT,85322307.60486501,True
2024-03-31,INJUSDT,80572499.23750001,True
2024-03-31,ICPUSDT,64190412.341555,True
2024-03-31,ETCUSDT,54266318.5414,True
2024-03-31,ATOMUSDT,52677619.90988,True
2024-03-31,GRTUSDT,49970481.241349995,True
2024-03-31,TRXUSDT,47592422.927567,True
2024-03-31,STXUSDT,47171499.33675,True
2024-03-31,UNIUSDT,47155304.635405004,True
2024-03-31,SANDUSDT,44198120.84265,True
2024-03-31,THETAUSDT,43856251.53515,False
2024-03-31,MKRUSDT,39202847.470149994,True
2024-03-31,DYDXUSDT,38412467.777710006,True
2024-03-31,ENSUSDT,32755606.4302,True
2024-03-31,APEUSDT,32120149.60601,True
2024-03-31,LDOUSDT,30527494.18761,True
2024-03-31,CHZUSDT,27504043.15969,True
2024-03-31,ALGOUSDT,27368537.6594,True
2024-03-31,HBARUSDT,27218076.72625,True
2024-03-31,VETUSDT,26581162.129600003,True
2024-03-31,CRVUSDT,25961097.919945,True
2024-03-31,MASKUSDT,25516426.1559,True
2024-03-31,XLMUSDT,24963584.28355,False
2024-03-31,AAVEUSDT,24535105.235305,True
2024-03-31,AXSUSDT,23876588.5022,True
2024-03-31,EOSUSDT,23650102.189965,False
2024-03-31,WAVESUSDT,18825666.05442,False
2024-03-31,SNXUSDT,18656006.6853,True
2024-03-31,ZILUSDT,18360159.525450498,False
2024-03-31,MANAUSDT,17798665.770049997,False
2024-03-31,SUSHIUSDT,17437753.4894,False
2024-03-31,EGLDUSDT,17425901.5131,True
2024-03-31,KAVAUSDT,15460717.523614999,False
2024-03-31,IMXUSDT,15250894.272757001,True
2024-03-31,IOTAUSDT,14021439.8514,False
2024-03-31,ENJUSDT,14018497.397945,False
2024-03-31,COMPUSDT,13933587.284285001,False
2024-03-31,GMXUSDT,12656854.853935,False
2024-03-31,ONEUSDT,11723638.8642815,False
2024-03-31,NEOUSDT,9327332.6426,False
2024-03-31,1INCHUSDT,9125935.36182,False
2024-03-31,XTZUSDT,8931832.1065,False
2024-03-31,YFIUSDT,8923708.40116,False
2024-03-31,ZECUSDT,8056771.502565,False
2024-03-31,DASHUSDT,7030405.44076,False
2024-03-31,BATUSDT,5072491.54005,False
2024-04-30,BTCUSDT,2678649022.5113654,True
2024-04-30,ETHUSDT,1303427428.669362,True
2024-04-30,SOLUSDT,785053617.99632,True
2024-04-30,DOGEUSDT,380319127.06412,True
2024-04-30,PEPEUSDT,306546865.54019773,True
2024-04-30,XRPUSDT,244541392.5018,True
2024-04-30,SHIBUSDT,165214652.62985215,True
2024-04-30,NEARUSDT,118774016.7541,True
2024-04-30,RUNEUSDT,102342758.82455,True
2024-04-30,AVAXUSDT,90019315.43965,True
2024-04-30,ARBUSDT,85279332.46994999,True
2024-04-30,WLDUSDT,80811719.54675001,True
2024-04-30,LTCUSDT,78817560.26104501,True
2024-04-30,BCHUSDT,78134519.0711,True
2024-04-30,FETUSDT,71652714.5794,True
2024-04-30,ADAUSDT,68051522.879035,True
2024-04-30,FTMUSDT,64948310.6839,True
2024-04-30,FILUSDT,60092249.836145,True
2024-04-30,OPUSDT,57268747.631535,True
2024-04-30,RNDRUSDT,55843795.88533,True
2024-04-30,SUIUSDT,54611455.776535004,True
2024-04-30,MATICUSDT,53278713.27416,True
2024-04-30,LINKUSDT,53166111.12885,True
2024-04-30,ETCUSDT,45675704.9674,True
2024-04-30,TRXUSDT,44683543.2664125,True
2024-04-30,ICPUSDT,44560234.43908,True
2024-04-30,SEIUSDT,39793573.183699995,True
2024-04-30,INJUSDT,38190418.881,True
2024-04-30,DOTUSDT,38114884.860819995,True
2024-04-30,TIAUSDT,36408045.080850005,False
2024-04-30,STXUSDT,32910142.07337,True
2024-04-30,AGIXUSDT,26481557.99446,True
2024-04-30,MKRUSDT,26199604.9347,True
2024-04-30,ATOMUSDT,26012346.250325,True
2024-04-30,LDOUSDT,20321016.933794998,True
2024-04-30,GRTUSDT,20179002.8249,True
2024-04-30,THETAUSDT,19762666.5167,True
2024-04-30,UNIUSDT,19565112.591485,True
2024-04-30,CHZUSDT,19471969.33952,True
2024-04-30,NEOUSDT,19136431.48115,False
2024-04-30,HBARUSDT,16343448.5018,True
2024-04-30,SANDUSDT,15976234.415,True
2024-04-30,VETUSDT,15342314.226044,True
2024-04-30,EOSUSDT,14808868.29956,False
2024-04-30,DYDXUSDT,14782513.146945,True
2024-04-30,APEUSDT,13404262.841465,True
2024-04-30,AAVEUSDT,12856446.776935,True
2024-04-30,ALGOUSDT,11413953.15715,True
2024-04-30,WAVESUSDT,9881912.71566,False
2024-04-30,CRVUSDT,9401207.566735,True
2024-04-30,ENSUSDT,9288661.35495,True
2024-04-30,XLMUSDT,8976223.479,False
2024-04-30,AXSUSDT,8574696.16354,True
2024-04-30,KAVAUSDT,7970410.372105001,False
2024-04-30,MASKUSDT,7419052.81075,True
2024-04-30,SNXUSDT,6988186.8548,False
2024-04-30,IMXUSDT,6850036.2645405,False
2024-04-30,EGLDUSDT,6814456.9155,False
2024-04-30,ZILUSDT,6805175.9729585,False
2024-04-30,IOTAUSDT,6802170.7422,False
2024-04-30,SUSHIUSDT,6476995.1041,False
2024-04-30,MANAUSDT,6473993.52845,False
2024-04-30,GMXUSDT,5035531.418555001,False
2024-04-30,XTZUSDT,4595930.87545,False
2024-04-30,ONEUSDT,4575032.3631299995,False
2024-04-30,1INCHUSDT,4514670.85859,False
2024-04-30,ENJUSDT,4507514.79098,False
2024-04-30,COMPUSDT,4284595.72088,False
2024-04-30,ZECUSDT,3168267.693655,False
2024-04-30,DASHUSDT,3132417.788695,False
2024-04-30,YFIUSDT,2795734.84121,False
2024-04-30,BATUSDT,2037101.88705,False
2024-05-31,BTCUSDT,1854254482.5115762,True
2024-05-31,ETHUSDT,1039104507.4954901,True
2024-05-31,SOLUSDT,627582638.861285,True
2024-05-31,PEPEUSDT,506636259.6856454,True
2024-05-31,DOGEUSDT,216426434.611945,True
2024-05-31,XRPUSDT,159728370.4741,True
2024-05-31,SHIBUSDT,140232657.88041896,True
2024-05-31,WLDUSDT,99476598.97029999,True
2024-05-31,NEARUSDT,95055257.07655,True
2024-05-31,RNDRUSDT,90488312.6135,True
2024-05-31,RUNEUSDT,83064622.54315001,True
2024-05-31,ARBUSDT,78268430.57042,True
2024-05-31,AVAXUSDT,57500168.0903,True
2024-05-31,FETUSDT,54234462.908700004,True
2024-05-31,ORDIUSDT,52098649.9493,False
2024-05-31,LINKUSDT,51063743.770035,True
2024-05-31,OPUSDT,44112082.416515,True
2024-05-31,FTMUSDT,41213951.074149996,True
2024-05-31,ADAUSDT,39115694.947945,True
2024-05-31,SUIUSDT,38825564.1331,True
2024-05-31,MATICUSDT,37606224.90026,True
2024-05-31,LTCUSDT,33118161.866595,True
2024-05-31,TRXUSDT,32263538.8206525,True
2024-05-31,FILUSDT,32109163.59466,True
2024-05-31,ICPUSDT,31227854.760765,True
2024-05-31,ETCUSDT,29499846.1939,True
2024-05-31,DOTUSDT,27473245.908885002,True
2024-05-31,TIAUSDT,26981931.117650002,True
2024-05-31,BCHUSDT,25951641.391149998,True
2024-05-31,SEIUSDT,24124659.1968,True
2024-05-31,INJUSDT,21655157.08735,True
2024-05-31,GRTUSDT,21402236.9199,True
2024-05-31,STXUSDT,19491952.846035004,True
2024-05-31,AGIXUSDT,19319453.483915,True
2024-05-31,LDOUSDT,18784010.172225,True
2024-05-31,HBARUSDT,16372246.5044,True
2024-05-31,ATOMUSDT,15343425.814835,True
2024-05-31,CHZUSDT,13919568.760475,True
2024-05-31,UNIUSDT,12907749.354079999,True
2024-05-31,CRVUSDT,9801796.875289999,True
2024-05-31,EOSUSDT,9242779.997694999,True
2024-05-31,DYDXUSDT,9067630.02144,True
2024-05-31,THETAUSDT,8867027.395,True
2024-05-31,APEUSDT,8568221.664385,True
2024-05-31,AAVEUSDT,8459347.587265,True
2024-05-31,MKRUSDT,8273988.04765,True
2024-05-31,VETUSDT,7809896.101623001,True
2024-05-31,ALGOUSDT,6827192.9980999995,True
2024-05-31,ENSUSDT,6554822.31945,True
2024-05-31,SANDUSDT,6294463.2644,True
2024-05-31,BLURUSDT,5959661.74984,False
2024-05-31,IOTAUSDT,5426521.64215,False
2024-05-31,EGLDUSDT,5390389.77375,False
2024-05-31,IMXUSDT,5296637.3194375,False
2024-05-31,AXSUSDT,5206265.217320001,False
2024-05-31,NEOUSDT,5062718.45695,False
2024-05-31,SNXUSDT,4956613.71615,False
2024-05-31,XLMUSDT,4748299.65455,False
2024-05-31,XTZUSDT,4612759.0201,False
2024-05-31,GMXUSDT,4305530.183945,False
2024-05-31,SUSHIUSDT,4272402.03465,False
2024-05-31,MASKUSDT,3889799.1025,False
2024-05-31,COMPUSDT,3801030.1568,False
2024-05-31,KAVAUSDT,3505020.955365,False
2024-05-31,MANAUSDT,3475394.24665,False
2024-05-31,ZILUSDT,3058633.3994664997,False
2024-05-31,ONEUSDT,2973890.8955255,False
2024-05-31,1INCHUSDT,2960073.438005,False
2024-05-31,ENJUSDT,2926656.158275,False
2024-05-31,WAVESUSDT,2851538.89092,False
2024-05-31,ZECUSDT,2187783.1889500003,False
2024-05-31,DASHUSDT,1810480.58882,False
2024-05-31,YFIUSDT,1786206.449345,False
2024-05-31,BATUSDT,1228028.2082,False
2024-06-30,BTCUSDT,1535669845.5904663,True
2024-06-30,ETHUSDT,876055033.939485,True
2024-06-30,SOLUSDT,389083506.660485,True
2024-06-30,PEPEUSDT,346703902.64691484,True
2024-06-30,XRPUSDT,125154517.60084999,True
2024-06-30,DOGEUSDT,96943726.79049,True
2024-06-30,ORDIUSDT,77126529.2384,True
2024-06-30,BONKUSDT,65262602.913482666,False
2024-06-30,SHIBUSDT,53054438.01388055,True
2024-06-30,WLDUSDT,49816418.15945,True
2024-06-30,AVAXUSDT,46869861.17225,True
2024-06-30,ARBUSDT,45919784.344799995,True
2024-06-30,NEARUSDT,45723812.9157,True
2024-06-30,FETUSDT,43196460.3517,True
2024-06-30,RUNEUSDT,38090613.04145,True
2024-06-30,RNDRUSDT,37759423.65186,True
2024-06-30,FTMUSDT,33085669.9788,True
2024-06-30,INJUSDT,31522812.593500003,True
2024-06-30,ADAUSDT,31507027.22236,True
2024-06-30,LINKUSDT,31095015.97801,True
2024-06-30,ENSUSDT,30107618.3648,True
2024-06-30,OPUSDT,29152901.58977,True
2024-06-30,TRXUSDT,29107591.559785,True
2024-06-30,UNIUSDT,28244321.060170002,True
2024-06-30,LDOUSDT,26402384.1871,True
2024-06-30,SUIUSDT,26388618.427814998,True
2024-06-30,CRVUSDT,26299295.00969,True
2024-06-30,LTCUSDT,25779855.19524,True
2024-06-30,FILUSDT,25722796.591870002,True
2024-06-30,TIAUSDT,25405601.362350002,True
2024-06-30,MATICUSDT,24795224.58928,True
2024-06-30,CHZUSDT,21569415.94362,True
2024-06-30,DOTUSDT,21036236.520575,True
2024-06-30,BCHUSDT,19171684.94395,True
2024-06-30,ICPUSDT,17624733.628179997,True
2024-06-30,SEIUSDT,17391271.30042,True
2024-06-30,STXUSDT,16810424.3601,True
2024-06-30,AGIXUSDT,16500017.675774999,True
2024-06-30,ETCUSDT,16238373.9421,True
2024-06-30,JTOUSDT,12724087.009995,False
2024-06-30,MKRUSDT,11848536.66655,True
2024-06-30,DYDXUSDT,10742523.247325,True
2024-06-30,ATOMUSDT,10261195.68729,True
2024-06-30,EOSUSDT,9747335.364565,True
2024-06-30,AAVEUSDT,9281736.422065001,True
2024-06-30,HBARUSDT,8990515.74925,True
2024-06-30,GRTUSDT,8913815.43755,True
2024-06-30,APEUSDT,6311749.369449999,True
2024-06-30,VETUSDT,5788694.1803089995,True
2024-06-30,THETAUSDT,5635775.0505,True
2024-06-30,EGLDUSDT,5546936.58405,False
2024-06-30,AXSUSDT,5281464.15264,False
2024-06-30,SANDUSDT,5232894.04045,True
2024-06-30,ALGOUSDT,4644190.37425,True
2024-06-30,BLURUSDT,4565504.98217,False
2024-06-30,GMXUSDT,4254729.203129999,False
2024-06-30,IMXUSDT,4229569.1793655,False
2024-06-30,ENJUSDT,4088176.22006,False
2024-06-30,IOTAUSDT,4073235.7503,False
2024-06-30,XLMUSDT,4002131.4106,False
2024-06-30,SNXUSDT,3772040.38555,False
2024-06-30,1INCHUSDT,3730606.6160049997,False
2024-06-30,WAVESUSDT,3514376.235395,False
2024-06-30,XTZUSDT,3248890.787,False
2024-06-30,MANAUSDT,3154612.5875,False
2024-06-30,KAVAUSDT,2941741.85561,False
2024-06-30,MASKUSDT,2926275.8671500003,False
2024-06-30,NEOUSDT,2843335.6064,False
2024-06-30,COMPUSDT,2792566.231195,False
2024-06-30,ZILUSDT,2577597.742944,False
2024-06-30,ONEUSDT,2304730.8851145003,False
2024-06-30,SUSHIUSDT,2255504.2267,False
2024-06-30,ZECUSDT,2013352.357785,False
2024-06-30,DASHUSDT,1846561.714365,False
2024-06-30,YFIUSDT,1500416.15913,False
2024-07-31,BTCUSDT,1562811023.227404,True
2024-07-31,ETHUSDT,841897715.0488849,True
2024-07-31,SOLUSDT,548378504.39663,True
2024-07-31,PEPEUSDT,261443417.25170416,True
2024-07-31,XRPUSDT,204119055.6119,True
2024-07-31,DOGEUSDT,93046982.96895501,True
2024-07-31,BONKUSDT,74172632.74834806,True
2024-07-31,WLDUSDT,56156908.5803,True
2024-07-31,AVAXUSDT,55661235.58895,True
2024-07-31,SHIBUSDT,54539887.02873623,True
2024-07-31,RUNEUSDT,44285762.5747,True
2024-07-31,NEARUSDT,43646101.0424,True
2024-07-31,ORDIUSDT,41310371.62725,True
2024-07-31,ARBUSDT,37508895.2193,True
2024-07-31,ADAUSDT,35434379.545865,True
2024-07-31,FETUSDT,34580113.482999995,True
2024-07-31,TRXUSDT,31168537.7536925,True
2024-07-31,LINKUSDT,30567406.64988,True
2024-07-31,RNDRUSDT,30411524.181435,True
2024-07-31,ENSUSDT,29928586.6821,True
2024-07-31,TIAUSDT,25107320.472340003,True
2024-07-31,FTMUSDT,24264406.19495,True
2024-07-31,MATICUSDT,23337421.733705,True
2024-07-31,INJUSDT,22739466.350100003,True
2024-07-31,MKRUSDT,22732565.9393,True
2024-07-31,OPUSDT,22146353.427115,True
2024-07-31,JUPUSDT,22125286.67689,False
2024-07-31,BCHUSDT,20408910.20915,True
2024-07-31,ICPUSDT,20372817.050075002,True
2024-07-31,FILUSDT,20027271.305540003,True
2024-07-31,LTCUSDT,19687674.764495,True
2024-07-31,SUIUSDT,18600583.15746,True
2024-07-31,SEIUSDT,18500516.49827,True
2024-07-31,DOTUSDT,17385715.183365002,True
2024-07-31,LDOUSDT,16919010.627455,True
2024-07-31,AGIXUSDT,16500017.675774999,True
2024-07-31,JTOUSDT,14269824.06245,True
2024-07-31,CRVUSDT,13062624.166450001,True
2024-07-31,UNIUSDT,12769822.062125001,True
2024-07-31,AAVEUSDT,12623040.829695,True
2024-07-31,STXUSDT,10906265.789450001,True
2024-07-31,PYTHUSDT,9592503.562505,False
2024-07-31,MANTAUSDT,9440020.40655,False
2024-07-31,ETCUSDT,9132819.3376,True
2024-07-31,EOSUSDT,8220631.531955,True
2024-07-31,ATOMUSDT,8025652.894090001,True
2024-07-31,HBARUSDT,7159344.019950001,True
2024-07-31,DYDXUSDT,5931208.28653,True
2024-07-31,EGLDUSDT,5502961.2870000005,False
2024-07-31,GRTUSDT,5501428.83155,True
2024-07-31,VETUSDT,5060642.868139001,True
2024-07-31,XLMUSDT,5019121.15615,False
2024-07-31,ZECUSDT,4844407.63337,False
2024-07-31,IMXUSDT,4521301.383622,False
2024-07-31,APEUSDT,4483415.196805,True
2024-07-31,BLURUSDT,4472698.854715,False
2024-07-31,THETAUSDT,4430503.65945,True
2024-07-31,CHZUSDT,3920069.8409,True
2024-07-31,ALGOUSDT,3660479.2104,False
2024-07-31,SNXUSDT,3484102.2021500003,False
2024-07-31,SANDUSDT,3343339.63785,False
2024-07-31,AXSUSDT,2826163.7398300003,False
2024-07-31,MASKUSDT,2482045.8322,False
2024-07-31,XTZUSDT,2421555.8773,False
2024-07-31,GMXUSDT,2388232.3594199996,False
2024-07-31,COMPUSDT,2354604.50678,False
2024-07-31,MANAUSDT,2246316.20335,False
2024-07-31,IOTAUSDT,2238157.3167000003,False
2024-07-31,NEOUSDT,2176099.76165,False
2024-07-31,ENJUSDT,2116747.02006,False
2024-07-31,SUSHIUSDT,1955309.5928500001,False
2024-07-31,DASHUSDT,1944979.52923,False
2024-07-31,KAVAUSDT,1866996.7602249999,False
2024-07-31,1INCHUSDT,1771322.14919,False
2024-07-31,ZILUSDT,1733413.0967715,False
2024-07-31,YFIUSDT,1677735.052755,False
2024-07-31,ONEUSDT,1398381.0652975,False
2024-08-31,BTCUSDT,1693996909.3009598,True
2024-08-31,ETHUSDT,858951165.5689646,True
2024-08-31,SOLUSDT,558602641.87978,True
2024-08-31,PEPEUSDT,237975294.91021642,True
2024-08-31,XRPUSDT,149262441.541,True
2024-08-31,DOGEUSDT,62797460.20205,True
2024-08-31,SUIUSDT,61066274.615465,True
2024-08-31,TRXUSDT,49980495.413835004,True
2024-08-31,AVAXUSDT,44926165.359400004,True
2024-08-31,FETUSDT,43650116.10465,True
2024-08-31,RUNEUSDT,43622178.636250004,True
2024-08-31,NEARUSDT,39015223.1911,True
2024-08-31,AAVEUSDT,37191308.42002,True
2024-08-31,ORDIUSDT,35991248.08675,True
2024-08-31,SHIBUSDT,33821705.17959621,True
2024-08-31,CRVUSDT,31358385.415705,True
2024-08-31,ARBUSDT,31297084.97371,True
2024-08-31,WLDUSDT,29543283.0997,True
2024-08-31,BONKUSDT,29291158.626681864,True
2024-08-31,MATICUSDT,29149582.33246,True
2024-08-31,ADAUSDT,28303026.4589,True
2024-08-31,FTMUSDT,26487397.27175,True
2024-08-31,TIAUSDT,24214960.69552,True
2024-08-31,LTCUSDT,23010947.00494,True
2024-08-31,LINKUSDT,20935319.266855,True
2024-08-31,INJUSDT,19465239.330799997,True
2024-08-31,SEIUSDT,18980033.240725003,True
2024-08-31,OPUSDT,17106770.68797,True
2024-08-31,BCHUSDT,16747817.149750002,True
2024-08-31,FILUSDT,15734432.70868,True
2024-08-31,JUPUSDT,15499970.596935,True
2024-08-31,MKRUSDT,13676092.826,True
2024-08-31,DOTUSDT,13204631.616455,True
2024-08-31,JTOUSDT,12337459.674649999,True
2024-08-31,STXUSDT,11912237.30375,True
2024-08-31,ICPUSDT,11683884.861820001,True
2024-08-31,ENSUSDT,10881880.50505,True
2024-08-31,UNIUSDT,10583124.697895,True
2024-08-31,STRKUSDT,9503816.210324999,False
2024-08-31,ATOMUSDT,8700166.415375,True
2024-08-31,LDOUSDT,8684092.34632,True
2024-08-31,EOSUSDT,8286671.86208,True
2024-08-31,HBARUSDT,7335585.4877,True
2024-08-31,DYDXUSDT,6979356.84228,True
2024-08-31,ETCUSDT,6960737.189,True
2024-08-31,ZECUSDT,6186753.884085,False
2024-08-31,MANTAUSDT,6173257.5755,True
2024-08-31,PYTHUSDT,5178294.03994,True
2024-08-31,APEUSDT,5107937.58966,True
2024-08-31,GRTUSDT,4909201.682250001,True
2024-08-31,COMPUSDT,4477874.806225,False
2024-08-31,THETAUSDT,4430261.8828,False
2024-08-31,XLMUSDT,4134905.90035,False
2024-08-31,DYMUSDT,3697766.0182999996,False
2024-08-31,IMXUSDT,3630359.409765,False
2024-08-31,ALGOUSDT,3418028.7724,False
2024-08-31,BLURUSDT,3415351.829965,False
2024-08-31,VETUSDT,3372212.680743,False
2024-08-31,SNXUSDT,3344312.8652999997,False
2024-08-31,EGLDUSDT,3330681.99605,False
2024-08-31,SANDUSDT,3253178.4899500003,False
2024-08-31,GMXUSDT,3078626.02061,False
2024-08-31,CHZUSDT,2928470.80765,False
2024-08-31,AXSUSDT,2774616.583215,False
2024-08-31,MASKUSDT,2308698.6056500003,False
2024-08-31,IOTAUSDT,2279513.74125,False
2024-08-31,NEOUSDT,2147476.5328,False
2024-08-31,XTZUSDT,2116843.33395,False
2024-08-31,SUSHIUSDT,2082791.973,False
2024-08-31,MANAUSDT,1921543.1119,False
2024-08-31,1INCHUSDT,1837213.9062299998,False
2024-08-31,KAVAUSDT,1701959.439055,False
2024-08-31,ENJUSDT,1610406.604045,False
2024-08-31,ZILUSDT,1537379.5576255,False
2024-08-31,DASHUSDT,1463277.167635,False
2024-08-31,ONEUSDT,1434667.6027675,False
2024-08-31,YFIUSDT,1277185.958275,False
2024-09-30,BTCUSDT,1501867688.6121593,True
2024-09-30,ETHUSDT,647580961.3945765,True
2024-09-30,SOLUSDT,378929661.37288,True
2024-09-30,PEPEUSDT,150188282.2959689,True
2024-09-30,SUIUSDT,122528068.66512999,True
2024-09-30,WIFUSDT,114941669.14057,False
2024-09-30,XRPUSDT,111767799.93270001,True
2024-09-30,FETUSDT,75927708.42765,True
2024-09-30,DOGEUSDT,60478045.44951,True
2024-09-30,FTMUSDT,51751383.176249996,True
2024-09-30,NEARUSDT,43414154.169149995,True
2024-09-30,TRXUSDT,39410316.50249,True
2024-09-30,ORDIUSDT,39274412.720750004,True
2024-09-30,AVAXUSDT,39031208.55185,True
2024-09-30,AAVEUSDT,38288552.28324,True
2024-09-30,RUNEUSDT,36113402.543249995,True
2024-09-30,SEIUSDT,33402160.514645,True
2024-09-30,TIAUSDT,28883590.829690002,True
2024-09-30,ARBUSDT,28146321.52009,True
2024-09-30,MATICUSDT,27570851.96674,True
2024-09-30,ENAUSDT,26616295.07932,False
2024-09-30,WLDUSDT,25067723.6878,True
2024-09-30,SHIBUSDT,24476361.61903939,True
2024-09-30,ADAUSDT,23712860.9638,True
2024-09-30,CRVUSDT,23252861.555685,True
2024-09-30,LTCUSDT,22122007.190485,True
2024-09-30,STRKUSDT,21144006.199950002,True
2024-09-30,INJUSDT,20548929.5001,True
2024-09-30,BONKUSDT,20351999.86493638,True
2024-09-30,LINKUSDT,19709409.23395,True
2024-09-30,ICPUSDT,18907266.88597,True
2024-09-30,FILUSDT,17097086.870125003,True
2024-09-30,OPUSDT,16777249.304355,True
2024-09-30,UNIUSDT,13302510.37325,True
2024-09-30,JUPUSDT,13098859.09271,True
2024-09-30,DOTUSDT,12668384.81515,True
2024-09-30,BCHUSDT,12289821.875500001,True
2024-09-30,ATOMUSDT,11336347.923175,True
2024-09-30,MKRUSDT,10088390.83815,True
2024-09-30,STXUSDT,9730522.739500001,True
2024-09-30,ENSUSDT,8757225.11195,True
2024-09-30,JTOUSDT,8369895.19905,True
2024-09-30,DYDXUSDT,8103424.237315,True
2024-09-30,MANTAUSDT,7862203.9307,True
2024-09-30,APEUSDT,7615180.53569,True
2024-09-30,LDOUSDT,6810753.215975,True
2024-09-30,ETCUSDT,5449879.57535,True
2024-09-30,HBARUSDT,5449260.3752,True
2024-09-30,EOSUSDT,5342022.447365001,True
2024-09-30,BLURUSDT,5102543.694335001,False
2024-09-30,THETAUSDT,4634564.4371,False
2024-09-30,IMXUSDT,4565041.101705,False
2024-09-30,GRTUSDT,4383426.0152,True
2024-09-30,PYTHUSDT,4311615.398525,True
2024-09-30,1INCHUSDT,4271652.887,False
2024-09-30,DYMUSDT,4092985.4776,False
2024-09-30,MASKUSDT,3786409.8574,False
2024-09-30,VETUSDT,3738243.2615075,False
2024-09-30,ALGOUSDT,3706649.9002,False
2024-09-30,XLMUSDT,3485004.2350500003,False
2024-09-30,COMPUSDT,3328966.607505,False
2024-09-30,SNXUSDT,3072306.9304,False
2024-09-30,EGLDUSDT,3008286.88765,False
2024-09-30,SANDUSDT,3000559.18465,False
2024-09-30,KAVAUSDT,2909261.549315,False
2024-09-30,SUSHIUSDT,2436869.2258,False
2024-09-30,CHZUSDT,2398009.9807,False
2024-09-30,IOTAUSDT,2345315.65625,False
2024-09-30,AXSUSDT,2327255.92787,False
2024-09-30,NEOUSDT,2153497.89425,False
2024-09-30,ZECUSDT,2098605.637405,False
2024-09-30,ZILUSDT,1903049.7065045,False
2024-09-30,GMXUSDT,1651974.54905,False
2024-09-30,ENJUSDT,1587954.476295,False
2024-09-30,MANAUSDT,1539301.8019,False
2024-09-30,ONEUSDT,1473334.5535655,False
2024-09-30,YFIUSDT,1405205.750245,False
2024-09-30,DASHUSDT,1259644.793355,False
2024-10-31,BTCUSDT,1618544686.6933188,True
2024-10-31,ETHUSDT,696184362.8650844,True
2024-10-31,SOLUSDT,478610039.06048,True
2024-10-31,PEPEUSDT,221798220.36631668,True
2024-10-31,SUIUSDT,181164557.604275,True
2024-10-31,DOGEUSDT,162747066.549035,True
2024-10-31,WIFUSDT,158709848.80575,True
2024-10-31,XRPUSDT,108237102.55579999,True
2024-10-31,SHIBUSDT,62732693.42748688,True
2024-10-31,WLDUSDT,61643780.260749996,True
2024-10-31,RUNEUSDT,50881403.945099995,True
2024-10-31,SEIUSDT,48368735.854985,True
2024-10-31,FETUSDT,47571254.447050005,True
2024-10-31,ENAUSDT,45667434.1257665,True
2024-10-31,FTMUSDT,42827784.5317,True
2024-10-31,NEARUSDT,39719820.02765,True
2024-10-31,AVAXUSDT,39520871.65185,True
2024-10-31,BONKUSDT,37348439.402354896,True
2024-10-31,TIAUSDT,36027447.66041,True
2024-10-31,TRXUSDT,34637383.42969,True
2024-10-31,ARBUSDT,31697831.339144997,True
2024-10-31,ORDIUSDT,28813618.02105,True
2024-10-31,ADAUSDT,27226129.36435,True
2024-10-31,LINKUSDT,24969047.3346,True
2024-10-31,UNIUSDT,21736440.62074,True
2024-10-31,LTCUSDT,21260698.866065,True
2024-10-31,JUPUSDT,19186492.365555,True
2024-10-31,AAVEUSDT,18016398.071934998,True
2024-10-31,OPUSDT,17482704.310144998,True
2024-10-31,INJUSDT,15419304.9736,True
2024-10-31,DYDXUSDT,14729465.9047915,True
2024-10-31,FILUSDT,14455654.831190001,True
2024-10-31,STXUSDT,14036138.99045,True
2024-10-31,BCHUSDT,13860600.764400002,True
2024-10-31,DOTUSDT,13705199.288075,True
2024-10-31,ICPUSDT,13655667.717565,True
2024-10-31,STRKUSDT,11828090.031731501,True
2024-10-31,CRVUSDT,11077348.847975,True
2024-10-31,MKRUSDT,10167369.12455,True
2024-10-31,PYTHUSDT,10123363.25292,True
2024-10-31,MANTAUSDT,9326249.5872,True
2024-10-31,JTOUSDT,9317489.77535,True
2024-10-31,LDOUSDT,8814804.61413,True
2024-10-31,CHZUSDT,8591248.192850001,False
2024-10-31,ATOMUSDT,8413772.9955,True
2024-10-31,APEUSDT,8054030.53766,True
2024-10-31,HBARUSDT,7809533.6946,True
2024-10-31,BLURUSDT,6083535.8529,True
2024-10-31,ETCUSDT,6046729.052,True
2024-10-31,ENSUSDT,5942645.85345,True
2024-10-31,DYMUSDT,5562425.006,False
2024-10-31,GRTUSDT,5501450.88815,False
2024-10-31,ALGOUSDT,4597460.2301,False
2024-10-31,MASKUSDT,4209432.0655499995,False
2024-10-31,IMXUSDT,4132348.7058800003,False
2024-10-31,XLMUSDT,4102724.75275,False
2024-10-31,EOSUSDT,4093317.20158,True
2024-10-31,SANDUSDT,3882296.9936,False
2024-10-31,THETAUSDT,3770514.1069,False
2024-10-31,VETUSDT,3766968.488672,False
2024-10-31,KAVAUSDT,3635842.0784,False
2024-10-31,SUSHIUSDT,3490180.9657,False
2024-10-31,EGLDUSDT,3470776.31245,False
2024-10-31,AXSUSDT,3340198.00014,False
2024-10-31,ZECUSDT,3117536.779715,False
2024-10-31,SNXUSDT,2978538.62775,False
2024-10-31,IOTAUSDT,2673300.33805,False
2024-10-31,NEOUSDT,2417136.4869999997,False
2024-10-31,MANAUSDT,2399665.9129999997,False
2024-10-31,1INCHUSDT,2388051.103265,False
2024-10-31,ZILUSDT,2060639.227114,False
2024-10-31,GMXUSDT,1658647.218295,False
2024-10-31,COMPUSDT,1604263.2762250002,False
2024-10-31,ONEUSDT,1532175.3568145,False
2024-10-31,ENJUSDT,1489221.787385,False
2024-10-31,YFIUSDT,1351941.806545,False
2024-10-31,DASHUSDT,1277404.9176699999,False
2024-10-31,XTZUSDT,1111420.0275,False
2024-11-30,BTCUSDT,3643077586.7947598,True
2024-11-30,ETHUSDT,1879474700.4905338,True
2024-11-30,DOGEUSDT,1461191746.43497,True
2024-11-30,SOLUSDT,1133400102.5436049,True
2024-11-30,XRPUSDT,845442822.70645,True
2024-11-30,PEPEUSDT,586604455.6178774,True
2024-11-30,ADAUSDT,349487223.34008,True
2024-11-30,SUIUSDT,311724610.24903,True
2024-11-30,SHIBUSDT,221266760.97693574,True
2024-11-30,WIFUSDT,209631550.23858,True
2024-11-30,BONKUSDT,151556359.36246368,True
2024-11-30,AVAXUSDT,130260678.23345,True
2024-11-30,WLDUSDT,123004724.689,True
2024-11-30,NEARUSDT,117903136.3919,True
2024-11-30,ARBUSDT,108386576.66345501,True
2024-11-30,XLMUSDT,102378877.23359999,False
2024-11-30,ENAUSDT,98442138.54569149,True
2024-11-30,DOTUSDT,95087054.117495,True
2024-11-30,FETUSDT,94155470.64005,True
2024-11-30,TRXUSDT,93621007.06634,True
2024-11-30,LTCUSDT,85151030.155715,True
2024-11-30,LINKUSDT,83067061.829,True
2024-11-30,HBARUSDT,78827928.71032,True
2024-11-30,RUNEUSDT,77628789.30315,True
2024-11-30,FTMUSDT,75175176.4301,True
2024-11-30,SEIUSDT,71344499.88170001,True
2024-11-30,UNIUSDT,69403989.443,True
2024-11-30,FILUSDT,68823843.05410999,True
2024-11-30,TIAUSDT,67033108.303495,True
2024-11-30,OPUSDT,62651328.21616,True
2024-11-30,BCHUSDT,58236502.5782,True
2024-11-30,ORDIUSDT,56988932.47364999,True
2024-11-30,AAVEUSDT,45967238.465205,True
2024-11-30,ETCUSDT,41146086.5155,True
2024-11-30,INJUSDT,39336630.0597,True
2024-11-30,ICPUSDT,37415098.674825,True
2024-11-30,JUPUSDT,36509670.410634995,True
2024-11-30,ATOMUSDT,35660964.06027,True
2024-11-30,APEUSDT,34874803.48810001,True
2024-11-30,STRKUSDT,33008521.987187,True
2024-11-30,LDOUSDT,32144512.576355003,True
2024-11-30,ENSUSDT,31945591.41015,True
2024-11-30,CRVUSDT,31336881.756145,True
2024-11-30,PYTHUSDT,29496146.13939,True
2024-11-30,STXUSDT,29007488.8524,True
2024-11-30,ALGOUSDT,28904588.49725,False
2024-11-30,GRTUSDT,24321164.4617,False
2024-11-30,JTOUSDT,23926508.5353,True
2024-11-30,MKRUSDT,23206524.00985,True
2024-11-30,VETUSDT,22737470.856870502,False
2024-11-30,DYDXUSDT,20274532.3170965,True
2024-11-30,EOSUSDT,20229776.24882,False
2024-11-30,THETAUSDT,19026824.63745,False
2024-11-30,CHZUSDT,18268387.5927,False
2024-11-30,MASKUSDT,18115968.51765,False
2024-11-30,SANDUSDT,16129262.42125,False
2024-11-30,MANTAUSDT,15241973.26045,True
2024-11-30,IMXUSDT,13036565.711625,False
2024-11-30,EGLDUSDT,12748871.25635,False
2024-11-30,AXSUSDT,12402053.92212,False
2024-11-30,MANAUSDT,11502675.896850001,False
2024-11-30,NEOUSDT,10292085.041450001,False
2024-11-30,BLURUSDT,10171988.724105,True
2024-11-30,ZILUSDT,9474642.749388,False
2024-11-30,SUSHIUSDT,8526607.875950001,False
2024-11-30,ZECUSDT,8224102.964905,False
2024-11-30,SNXUSDT,8222962.588400001,False
2024-11-30,XTZUSDT,7878257.66385,False
2024-11-30,IOTAUSDT,7720261.34315,False
2024-11-30,1INCHUSDT,6514558.5457150005,False
2024-11-30,DYMUSDT,6497806.35685,False
2024-11-30,KAVAUSDT,6059147.66557,False
2024-11-30,YFIUSDT,5551040.89906,False
2024-11-30,ONEUSDT,5353040.3519129995,False
2024-11-30,ENJUSDT,5294610.20285,False
2024-11-30,COMPUSDT,4710149.863015,False
2024-11-30,GMXUSDT,4635138.391094999,False
2024-11-30,DASHUSDT,4594301.020745,False
2024-11-30,BATUSDT,3709784.20005,False
2024-12-31,BTCUSDT,2761294321.8178244,True
2024-12-31,ETHUSDT,1627265152.7854176,True
2024-12-31,XRPUSDT,1222195550.63665,True
2024-12-31,DOGEUSDT,867645726.532635,True
2024-12-31,SOLUSDT,798507426.227305,True
2024-12-31,PEPEUSDT,565627089.3978305,True
2024-12-31,SUIUSDT,337027083.100025,True
2024-12-31,TRXUSDT,277263483.62645,True
2024-12-31,ADAUSDT,255652428.80122,True
2024-12-31,LINKUSDT,221686854.32095,True
2024-12-31,HBARUSDT,218957470.5675,True
2024-12-31,ENAUSDT,154676482.70363498,True
2024-12-31,AVAXUSDT,131260962.18349999,True
2024-12-31,SHIBUSDT,127897397.44622505,True
2024-12-31,WIFUSDT,124369849.13874501,True
2024-12-31,AAVEUSDT,120096223.87976,True
2024-12-31,UNIUSDT,116616973.659915,True
2024-12-31,WLDUSDT,116002199.72729999,True
2024-12-31,LTCUSDT,115374513.171005,True
2024-12-31,FTMUSDT,108504265.62009999,True
2024-12-31,CRVUSDT,106954316.14906001,True
2024-12-31,DOTUSDT,104090150.71944,True
2024-12-31,XLMUSDT,95339927.955,True
2024-12-31,ARBUSDT,89422762.94844,True
2024-12-31,NEARUSDT,85116927.66530001,True
2024-12-31,BONKUSDT,84940514.76853946,True
2024-12-31,RUNEUSDT,75534689.58255,True
2024-12-31,FETUSDT,70879752.52469999,True
2024-12-31,SANDUSDT,69398852.0251,False
2024-12-31,FILUSDT,66088443.381475,True
2024-12-31,OPUSDT,60942939.979365,True
2024-12-31,SEIUSDT,58449984.762595,True
2024-12-31,ALGOUSDT,57241473.29785,True
2024-12-31,ENSUSDT,54675225.3534,True
2024-12-31,ETCUSDT,53173314.40005,True
2024-12-31,VETUSDT,48670322.527311996,True
2024-12-31,TIAUSDT,47027514.314229995,True
2024-12-31,BCHUSDT,41870667.611650005,True
2024-12-31,LDOUSDT,41649269.2724,True
2024-12-31,STXUSDT,40734095.902899995,True
2024-12-31,ORDIUSDT,39688107.3549,True
2024-12-31,DYDXUSDT,36081348.9173585,True
2024-12-31,ICPUSDT,35219792.835755005,True
2024-12-31,ATOMUSDT,32624201.85379,True
2024-12-31,INJUSDT,31152308.3007,True
2024-12-31,SUSHIUSDT,30855469.1252,False
2024-12-31,EOSUSDT,29387091.68451,False
2024-12-31,APEUSDT,27279562.214905,True
2024-12-31,XTZUSDT,26962984.70955,False
2024-12-31,IOTAUSDT,24999255.85105,False
2024-12-31,STRKUSDT,24451931.323891,True
2024-12-31,THETAUSDT,21963865.04295,False
2024-12-31,JUPUSDT,21612608.971575,True
2024-12-31,MKRUSDT,21099206.8488,True
2024-12-31,CHZUSDT,20395568.570249997,False
2024-12-31,PYTHUSDT,19666616.285315,True
2024-12-31,MASKUSDT,19328032.648900002,False
2024-12-31,MANTAUSDT,19052753.123499997,False
2024-12-31,ONEUSDT,18384995.862644,False
2024-12-31,GRTUSDT,17003190.8427,False
2024-12-31,JTOUSDT,15835662.60405,True
2024-12-31,EGLDUSDT,15245289.6959,False
2024-12-31,MANAUSDT,15214176.66535,False
2024-12-31,SNXUSDT,15042333.522149999,False
2024-12-31,1INCHUSDT,14679035.597195,False
2024-12-31,AXSUSDT,14326693.53621,False
2024-12-31,BLURUSDT,14206720.328235,False
2024-12-31,ZECUSDT,13724520.46569,False
2024-12-31,NEOUSDT,11492418.8807,False
2024-12-31,YFIUSDT,10664500.65169,False
2024-12-31,DASHUSDT,10043475.83956,False
2024-12-31,COMPUSDT,9595957.342239998,False
2024-12-31,ZILUSDT,8744068.2106065,False
2024-12-31,IMXUSDT,8512343.891395,False
2024-12-31,ENJUSDT,7111335.16185,False
2024-12-31,DYMUSDT,7076138.2882,False
2024-12-31,GMXUSDT,6589919.9969999995,False
2024-12-31,BATUSDT,6017901.35195,False
2024-12-31,KAVAUSDT,5412467.494895,False
2025-01-31,BTCUSDT,2531041904.078334,True
2025-01-31,ETHUSDT,1501159944.6814756,True
2025-01-31,XRPUSDT,863112786.25045,True
2025-01-31,SOLUSDT,809725648.88375,True
2025-01-31,DOGEUSDT,547630214.56962,True
2025-01-31,SUIUSDT,300170240.386805,True
2025-01-31,PEPEUSDT,293342070.74701,True
2025-01-31,ADAUSDT,195828940.54396498,True
2025-01-31,ENAUSDT,161940051.31315,True
2025-01-31,TRXUSDT,159223148.26334,True
2025-01-31,LINKUSDT,130708783.22694999,True
2025-01-31,HBARUSDT,122525176.350065,True
2025-01-31,WIFUSDT,106294433.194825,True
2025-01-31,WLDUSDT,102712798.8509,True
2025-01-31,XLMUSDT,82175811.41749999,True
2025-01-31,LTCUSDT,77391164.99423,True
2025-01-31,AVAXUSDT,77006848.2482,True
2025-01-31,AAVEUSDT,67518519.06661,True
2025-01-31,RUNEUSDT,67157291.40055001,True
2025-01-31,SHIBUSDT,64729195.05627424,True
2025-01-31,FTMUSDT,64662173.33935,True
2025-01-31,FETUSDT,62585373.361949995,True
2025-01-31,UNIUSDT,54346028.881015,True
2025-01-31,NEARUSDT,53162742.3473,True
2025-01-31,ARBUSDT,52677040.154835,True
2025-01-31,BONKUSDT,48853605.82831685,True
2025-01-31,DOTUSDT,46171114.03003,True
2025-01-31,CRVUSDT,46144918.697625,True
2025-01-31,FILUSDT,40405833.39929,True
2025-01-31,ALGOUSDT,39280952.536699995,True
2025-01-31,SEIUSDT,37057809.23664,True
2025-01-31,OPUSDT,33004361.19701,True
2025-01-31,TIAUSDT,30612676.834990002,True
2025-01-31,SANDUSDT,30433139.90855,True
2025-01-31,LDOUSDT,29289418.490835,True
2025-01-31,VETUSDT,27082700.8358155,True
2025-01-31,INJUSDT,24958047.69605,True
2025-01-31,ETCUSDT,24783500.3037,True
2025-01-31,ICPUSDT,24746995.82317,True
2025-01-31,IOTAUSDT,22324444.45175,True
2025-01-31,BCHUSDT,21850496.4043,True
2025-01-31,JUPUSDT,20195316.083180003,True
2025-01-31,ENSUSDT,20069089.15575,True
2025-01-31,ATOMUSDT,20004319.69997,True
2025-01-31,ORDIUSDT,19939058.32475,True
2025-01-31,DYDXUSDT,16288248.5463315,True
2025-01-31,STXUSDT,15243085.934999999,True
2025-01-31,APEUSDT,15091968.72759,True
2025-01-31,EOSUSDT,14503500.60687,True
2025-01-31,THETAUSDT,13081165.5385,False
2025-01-31,STRKUSDT,13034920.729910001,False
2025-01-31,GRTUSDT,12697793.8291,False
2025-01-31,SUSHIUSDT,12081037.263950001,False
2025-01-31,MANTAUSDT,11822824.32415,False
2025-01-31,JTOUSDT,10670508.19805,False
2025-01-31,MKRUSDT,10419727.78565,False
2025-01-31,NEOUSDT,9664251.8113,False
2025-01-31,MANAUSDT,8463602.37325,False
2025-01-31,XTZUSDT,8317871.418,False
2025-01-31,CHZUSDT,7739679.7232,False
2025-01-31,ONEUSDT,7549830.9728975,False
2025-01-31,EGLDUSDT,7314160.9399999995,False
2025-01-31,AXSUSDT,6930058.783935,False
2025-01-31,PYTHUSDT,6899277.1222,False
2025-01-31,SNXUSDT,5884978.79765,False
2025-01-31,IMXUSDT,5399348.44978,False
2025-01-31,KAVAUSDT,5327981.606685,False
2025-01-31,1INCHUSDT,5191504.41768,False
2025-01-31,DASHUSDT,4879607.14468,False
2025-01-31,ZECUSDT,4342616.091065,False
2025-01-31,ZILUSDT,4298947.520243,False
2025-01-31,COMPUSDT,4231833.2002,False
2025-01-31,BLURUSDT,4228225.344985,False
2025-01-31,YFIUSDT,3517760.733055,False
2025-01-31,MASKUSDT,3460112.80075,False
2025-01-31,DYMUSDT,3375432.4205,False
2025-01-31,BATUSDT,3106960.6887,False
2025-01-31,ENJUSDT,2834148.513905,False
2025-01-31,GMXUSDT,2324696.37098,False
2025-02-28,BTCUSDT,2131053703.202323,True
2025-02-28,ETHUSDT,1660795284.275922,True
2025-02-28,SOLUSDT,726139180.447715,True
2025-02-28,XRPUSDT,559215386.29305,True
2025-02-28,DOGEUSDT,271919031.229975,True
2025-02-28,SUIUSDT,265987800.632805,True
2025-02-28,PEPEUSDT,185211350.47949034,True
2025-02-28,LTCUSDT,179378183.010455,True
2025-02-28,TRXUSDT,122594778.794005,True
2025-02-28,ADAUSDT,121725932.47185999,True
2025-02-28,ENAUSDT,87261933.15125799,True
2025-02-28,LINKUSDT,82286122.37325001,True
2025-02-28,WIFUSDT,81383855.13414499,True
2025-02-28,RUNEUSDT,72399463.7739,True
2025-02-28,HBARUSDT,67830666.60181001,True
2025-02-28,AVAXUSDT,54573326.3769,True
2025-02-28,AAVEUSDT,52484790.1686,True
2025-02-28,WLDUSDT,52218171.4156,True
2025-02-28,NEARUSDT,42368544.867850006,True
2025-02-28,JUPUSDT,41913655.645005,True
2025-02-28,LDOUSDT,41596922.808355,True
2025-02-28,SHIBUSDT,39732664.94913091,True
2025-02-28,UNIUSDT,36398427.966474995,True
2025-02-28,DOTUSDT,34929868.054995,True
2025-02-28,ARBUSDT,33740749.723175,True
2025-02-28,XLMUSDT,32344399.5845,True
2025-02-28,FETUSDT,30041847.69185,True
2025-02-28,CRVUSDT,27771656.768545,True
2025-02-28,OPUSDT,27318494.651895,True
2025-02-28,BONKUSDT,26397982.080162995,True
2025-02-28,TIAUSDT,26285255.554909997,True
2025-02-28,SEIUSDT,26193052.59787,True
2025-02-28,FILUSDT,25790824.0559,True
2025-02-28,ALGOUSDT,21145175.79705,True
2025-02-28,INJUSDT,20940000.86665,True
2025-02-28,ORDIUSDT,19998453.34375,True
2025-02-28,TONUSDT,18567713.26774,False
2025-02-28,ATOMUSDT,15267756.17712,True
2025-02-28,ETCUSDT,14866120.14415,True
2025-02-28,VETUSDT,14808956.731275499,True
2025-02-28,SANDUSDT,13792841.6523,True
2025-02-28,ICPUSDT,13612936.69058,True
2025-02-28,BCHUSDT,12504869.43315,True
2025-02-28,JTOUSDT,12153060.77145,False
2025-02-28,MKRUSDT,11981273.401250001,False
2025-02-28,ENSUSDT,10858124.117150001,True
2025-02-28,DYDXUSDT,10479467.2231385,True
2025-02-28,APEUSDT,9885097.41923,True
2025-02-28,MANTAUSDT,9593494.945,False
2025-02-28,STRKUSDT,9316982.1322385,False
2025-02-28,EOSUSDT,9149182.647445,True
2025-02-28,STXUSDT,9119569.61965,True
2025-02-28,IOTAUSDT,8352577.9516,True
2025-02-28,CHZUSDT,7550082.332,False
2025-02-28,GRTUSDT,6470351.39405,False
2025-02-28,THETAUSDT,6087284.92925,False
2025-02-28,SUSHIUSDT,5924626.8584,False
2025-02-28,NEOUSDT,5735320.999299999,False
2025-02-28,SNXUSDT,5730704.0719,False
2025-02-28,PYTHUSDT,5411739.73066,False
2025-02-28,EGLDUSDT,5404541.09425,False
2025-02-28,KAVAUSDT,4989962.557805,False
2025-02-28,IMXUSDT,4587278.028635001,False
2025-02-28,AXSUSDT,4237555.320495,False
2025-02-28,ONEUSDT,3728050.422471,False
2025-02-28,MANAUSDT,3709045.74645,False
2025-02-28,DYMUSDT,3579218.001,False
2025-02-28,XTZUSDT,3536219.2298,False
2025-02-28,BLURUSDT,3347630.977395,False
2025-02-28,ZECUSDT,3097013.877565,False
2025-02-28,MASKUSDT,3079561.52635,False
2025-02-28,DASHUSDT,3009920.0165600004,False
2025-02-28,GMXUSDT,2958172.72247,False
2025-02-28,1INCHUSDT,2754898.404325,False
2025-02-28,YFIUSDT,2711249.1745100003,False
2025-02-28,ZILUSDT,2563020.5563890003,False
2025-02-28,COMPUSDT,2516044.7235700004,False
2025-02-28,ENJUSDT,2222499.543715,False
2025-02-28,BATUSDT,1170078.1047,False
2025-03-31,BTCUSDT,2076562125.6763864,True
2025-03-31,ETHUSDT,888606889.23853,True
2025-03-31,SOLUSDT,468286744.13913,True
2025-03-31,XRPUSDT,464127377.4732,True
2025-03-31,DOGEUSDT,176639223.45038497,True
2025-03-31,PEPEUSDT,172189569.78538746,True
2025-03-31,SUIUSDT,134535399.123525,True
2025-03-31,ADAUSDT,134182194.29524499,True
2025-03-31,TRXUSDT,99811027.95331,True
2025-03-31,ENAUSDT,61201508.385753006,True
2025-03-31,LTCUSDT,58489245.590695,True
2025-03-31,LINKUSDT,50070285.42035,True
2025-03-31,AVAXUSDT,49090974.48639999,True
2025-03-31,WIFUSDT,47522143.574300006,True
2025-03-31,HBARUSDT,43820853.48791,True
2025-03-31,NEARUSDT,33208045.38555,True
2025-03-31,AAVEUSDT,32584583.04372,True
2025-03-31,RUNEUSDT,31259324.57925,True
2025-03-31,WLDUSDT,27143277.8442,True
2025-03-31,TONUSDT,27025934.902994998,True
2025-03-31,DOTUSDT,26333791.33759,True
2025-03-31,CRVUSDT,23440467.44145,True
2025-03-31,SHIBUSDT,23126767.64751336,True
2025-03-31,SEIUSDT,20819041.489155002,True
2025-03-31,BONKUSDT,18617389.8749949,True
2025-03-31,UNIUSDT,18159015.893804997,True
2025-03-31,XLMUSDT,17922054.100050002,True
2025-03-31,ARBUSDT,17450846.81928,True
2025-03-31,FETUSDT,17404316.11655,True
2025-03-31,BCHUSDT,16983104.899049997,True
2025-03-31,TIAUSDT,15608065.035475,True
2025-03-31,ORDIUSDT,14849674.1799,True
2025-03-31,MKRUSDT,14733620.3795,True
2025-03-31,FILUSDT,14672939.7199,True
2025-03-31,JUPUSDT,13194735.48313,True
2025-03-31,EOSUSDT,12792423.864935,True
2025-03-31,OPUSDT,12510856.667335,True
2025-03-31,INJUSDT,12044909.6846,True
2025-03-31,LDOUSDT,10997311.646189999,True
2025-03-31,ATOMUSDT,10852160.50082,True
2025-03-31,VETUSDT,9952338.276115999,True
2025-03-31,ETCUSDT,9555766.24805,True
2025-03-31,ALGOUSDT,9259672.60735,True
2025-03-31,DYDXUSDT,7825607.697244,True
2025-03-31,ICPUSDT,7643714.9628800005,True
2025-03-31,APEUSDT,7556045.0101015,True
2025-03-31,JTOUSDT,6701553.02525,True
2025-03-31,SANDUSDT,6061467.9789,True
2025-03-31,STRKUSDT,5603245.7160665,True
2025-03-31,ENSUSDT,5401550.972449999,True
2025-03-31,CHZUSDT,5075820.611855,False
2025-03-31,STXUSDT,4881835.11245,False
2025-03-31,MANTAUSDT,4834451.3477,False
2025-03-31,PYTHUSDT,4491881.768205,False
2025-03-31,IOTAUSDT,4217586.8533,False
2025-03-31,KAVAUSDT,4090577.145695,False
2025-03-31,THETAUSDT,3993739.7363,False
2025-03-31,NEOUSDT,3970811.6778499996,False
2025-03-31,GRTUSDT,3863884.46255,False
2025-03-31,IMXUSDT,3422579.03393,False
2025-03-31,EGLDUSDT,3309906.0902,False
2025-03-31,SUSHIUSDT,3215353.9268,False
2025-03-31,MANAUSDT,3172932.3356,False
2025-03-31,AXSUSDT,3096215.2371349996,False
2025-03-31,BLURUSDT,2954865.407195,False
2025-03-31,ONEUSDT,2530526.0787695,False
2025-03-31,SNXUSDT,2527369.08625,False
2025-03-31,DYMUSDT,2288814.87395,False
2025-03-31,ZECUSDT,2191326.43637,False
2025-03-31,GMXUSDT,2149860.5300350003,False
2025-03-31,1INCHUSDT,2075114.03723,False
2025-03-31,YFIUSDT,1934553.63963,False
2025-03-31,COMPUSDT,1930625.55668,False
2025-03-31,DASHUSDT,1701736.12569,False
2025-03-31,ENJUSDT,1649518.51266,False
2025-03-31,MASKUSDT,1606989.5672499998,False
2025-03-31,ZILUSDT,1504419.0577139999,False
2025-03-31,XTZUSDT,1490448.33885,False
2025-04-30,BTCUSDT,2089319685.9972134,True
2025-04-30,ETHUSDT,921906678.0659456,True
2025-04-30,SOLUSDT,537101098.616045,True
2025-04-30,XRPUSDT,382676775.56234,True
2025-04-30,SUIUSDT,203947899.60829502,True
2025-04-30,PEPEUSDT,147078045.5740019,True
2025-04-30,DOGEUSDT,142652173.76218998,True
2025-04-30,TRXUSDT,103662357.9871,True
2025-04-30,ADAUSDT,79836220.25789,True
2025-04-30,AVAXUSDT,44759198.43305,True
2025-04-30,LINKUSDT,39590621.7535,True
2025-04-30,ENAUSDT,38161217.1859295,True
2025-04-30,CRVUSDT,36737927.88216,True
2025-04-30,LTCUSDT,36099047.33585,True
2025-04-30,WIFUSDT,35773153.92729,True
2025-04-30,EOSUSDT,33713630.44516,True
2025-04-30,HBARUSDT,33307533.48374,True
2025-04-30,NEARUSDT,25810024.8853,True
2025-04-30,AAVEUSDT,25423137.016154997,True
2025-04-30,TONUSDT,24012598.340295002,True
2025-04-30,FETUSDT,21985580.92805,True
2025-04-30,WLDUSDT,21817153.38165,True
2025-04-30,BONKUSDT,20944033.722226225,True
2025-04-30,SHIBUSDT,20931353.851088427,True
2025-04-30,DOTUSDT,19399004.730145,True
2025-04-30,SEIUSDT,17511370.444665,True
2025-04-30,ARBUSDT,16932233.453345,True
2025-04-30,BCHUSDT,16721980.1792,True
2025-04-30,UNIUSDT,15216427.763815,True
2025-04-30,FILUSDT,13938735.368815,True
2025-04-30,XLMUSDT,13615066.80085,True
2025-04-30,TIAUSDT,12719844.00948,True
2025-04-30,RUNEUSDT,12081468.83825,True
2025-04-30,OPUSDT,10939026.63981,True
2025-04-30,JUPUSDT,9720204.82002,True
2025-04-30,VETUSDT,9314664.1529625,True
2025-04-30,ALGOUSDT,9228714.54715,True
2025-04-30,ATOMUSDT,9003168.029495,True
2025-04-30,LDOUSDT,8875626.321145,True
2025-04-30,MKRUSDT,8637832.660799999,True
2025-04-30,INJUSDT,8238644.23855,True
2025-04-30,ORDIUSDT,8054657.6109,True
2025-04-30,NEOUSDT,7741896.817050001,False
2025-04-30,ICPUSDT,7499024.539845,True
2025-04-30,ETCUSDT,7076819.5438,True
2025-04-30,SANDUSDT,6174265.66335,True
2025-04-30,ENSUSDT,5712748.72655,True
2025-04-30,STXUSDT,5075012.4690499995,False
2025-04-30,DYDXUSDT,4959085.684152,True
2025-04-30,THETAUSDT,4776840.23355,False
2025-04-30,STRKUSDT,4768380.438829999,True
2025-04-30,JTOUSDT,4742075.7834,True
2025-04-30,IOTAUSDT,4401381.2787999995,False
2025-04-30,MASKUSDT,4257672.47665,False
2025-04-30,CHZUSDT,4187380.850615,False
2025-04-30,IMXUSDT,4176869.4707349995,False
2025-04-30,AXSUSDT,3952319.7263,False
2025-04-30,KAVAUSDT,3932185.436755,False
2025-04-30,GRTUSDT,3854728.2512499997,False
2025-04-30,APEUSDT,3601557.9839545,True
2025-04-30,ZECUSDT,3591587.23623,False
2025-04-30,PYTHUSDT,3405404.6709899995,False
2025-04-30,MANAUSDT,3121452.63495,False
2025-04-30,SUSHIUSDT,2881267.3424000004,False
2025-04-30,MANTAUSDT,2726624.74645,False
2025-04-30,EGLDUSDT,2721680.33005,False
2025-04-30,XTZUSDT,2389899.5286499998,False
2025-04-30,SNXUSDT,2104886.27635,False
2025-04-30,BLURUSDT,2088242.804165,False
2025-04-30,COMPUSDT,2035139.30765,False
2025-04-30,YFIUSDT,1962483.369025,False
2025-04-30,GMXUSDT,1953771.533225,False
2025-04-30,1INCHUSDT,1725882.31977,False
2025-04-30,ENJUSDT,1686663.7153349998,False
2025-04-30,ONEUSDT,1650673.894094,False
2025-04-30,DYMUSDT,1420433.1979999999,False
2025-04-30,ZILUSDT,1419554.5567325,False
2025-04-30,BATUSDT,1390134.5373,False
2025-04-30,DASHUSDT,1387011.52868,False
2025-05-31,ETHUSDT,1970002872.058022,True
2025-05-31,BTCUSDT,1861782625.8708148,True
2025-05-31,SOLUSDT,500311895.20788,True
2025-05-31,PEPEUSDT,365372969.9957102,True
2025-05-31,XRPUSDT,299698760.65094,True
2025-05-31,SUIUSDT,264289865.03917,True
2025-05-31,DOGEUSDT,244575956.069915,True
2025-05-31,TRXUSDT,116867134.06305,True
2025-05-31,ADAUSDT,89231402.782105,True
2025-05-31,ENAUSDT,85408922.66403049,True
2025-05-31,WIFUSDT,80395105.20502,True
2025-05-31,LINKUSDT,59061150.00495,True
2025-05-31,LTCUSDT,57495940.79441,True
2025-05-31,AVAXUSDT,53665186.2405,True
2025-05-31,WLDUSDT,50561683.674899995,True
2025-05-31,UNIUSDT,47323381.546445,True
2025-05-31,AAVEUSDT,47124288.430565,True
2025-05-31,BONKUSDT,35889464.23177824,True
2025-05-31,NEARUSDT,32914432.390649997,True
2025-05-31,ARBUSDT,28614631.622635,True
2025-05-31,FETUSDT,28501941.2034,True
2025-05-31,HBARUSDT,27161596.69934,True
2025-05-31,CRVUSDT,26650465.981990002,True
2025-05-31,SHIBUSDT,25161804.538225885,True
2025-05-31,OPUSDT,23573531.716045,True
2025-05-31,RUNEUSDT,23267266.1893,True
2025-05-31,DOTUSDT,21798441.26323,True
2025-05-31,TIAUSDT,21793179.493594997,True
2025-05-31,EOSUSDT,20112481.322970003,True
2025-05-31,ORDIUSDT,19923124.520735,True
2025-05-31,TONUSDT,19005550.952215,True
2025-05-31,FILUSDT,17341207.712920003,True
2025-05-31,SEIUSDT,16077733.341565,True
2025-05-31,BCHUSDT,15478848.31415,True
2025-05-31,XLMUSDT,15092737.9274,True
2025-05-31,INJUSDT,15064659.249899998,True
2025-05-31,LDOUSDT,14589943.038325,True
2025-05-31,ETCUSDT,11338654.24845,True
2025-05-31,MASKUSDT,11170127.74235,False
2025-05-31,JUPUSDT,10307976.97288,True
2025-05-31,ENSUSDT,9846287.4769,True
2025-05-31,ATOMUSDT,8271870.593815001,True
2025-05-31,DYDXUSDT,7860171.373799,True
2025-05-31,ICPUSDT,7726079.031275,True
2025-05-31,SANDUSDT,7703393.90145,True
2025-05-31,VETUSDT,7676637.2939180005,True
2025-05-31,MKRUSDT,7280050.8038,True
2025-05-31,ALGOUSDT,6960482.136600001,True
2025-05-31,PYTHUSDT,6293610.092255,False
2025-05-31,STXUSDT,6267176.2651,True
2025-05-31,THETAUSDT,6111254.4099,False
2025-05-31,STRKUSDT,6008444.1698815,False
2025-05-31,GRTUSDT,5772716.584249999,False
2025-05-31,NEOUSDT,5282142.36885,False
2025-05-31,SUSHIUSDT,5067096.2029,False
2025-05-31,IOTAUSDT,4815228.198650001,False
2025-05-31,APEUSDT,4522072.2565055005,False
2025-05-31,COMPUSDT,4210986.67096,False
2025-05-31,IMXUSDT,4029250.96201,False
2025-05-31,MANTAUSDT,3964701.6105500003,False
2025-05-31,AXSUSDT,3788012.1030900003,False
2025-05-31,KAVAUSDT,3520264.3000649996,False
2025-05-31,JTOUSDT,3466321.8373499997,False
2025-05-31,ZECUSDT,2994308.702055,False
2025-05-31,CHZUSDT,2879604.661275,False
2025-05-31,EGLDUSDT,2798276.698,False
2025-05-31,BLURUSDT,2609137.411165,False
2025-05-31,ENJUSDT,2598102.91879,False
2025-05-31,MANAUSDT,2592565.16985,False
2025-05-31,1INCHUSDT,2392734.59553,False
2025-05-31,SNXUSDT,2264362.73515,False
2025-05-31,YFIUSDT,2028250.23027,False
2025-05-31,XTZUSDT,1864715.802925,False
2025-05-31,ONEUSDT,1831807.9331145,False
2025-05-31,DASHUSDT,1812418.54119,False
2025-05-31,DYMUSDT,1761940.7105999999,False
2025-05-31,BATUSDT,1563590.442,False
2025-05-31,ZILUSDT,1305587.4066825002,False
2025-05-31,GMXUSDT,1081309.591665,False
2025-06-30,BTCUSDT,1448133832.0564198,True
2025-06-30,ETHUSDT,1220592341.5978336,True
2025-06-30,SOLUSDT,402918327.584285,True
2025-06-30,XRPUSDT,232214388.39466,True
2025-06-30,PEPEUSDT,168484026.88002187,True
2025-06-30,SUIUSDT,130900243.516725,True
2025-06-30,DOGEUSDT,119657066.41218999,True
2025-06-30,TRXUSDT,69075627.31199,True
2025-06-30,UNIUSDT,67717578.188805,True
2025-06-30,ADAUSDT,64491131.346135,True
2025-06-30,WIFUSDT,50162585.09026,True
2025-06-30,ENAUSDT,48086283.249486,True
2025-06-30,AAVEUSDT,42243444.697825,True
2025-06-30,AVAXUSDT,37251181.23655,True
2025-06-30,LINKUSDT,32988065.2487,True
2025-06-30,WLDUSDT,32233178.4536,True
2025-06-30,LTCUSDT,26182617.892185,True
2025-06-30,ARBUSDT,24830105.820095,True
2025-06-30,BCHUSDT,23676099.76105,True
2025-06-30,NEARUSDT,23070764.043899998,True
2025-06-30,FETUSDT,22616782.50655,True
2025-06-30,CRVUSDT,19401084.35378,True
2025-06-30,SEIUSDT,18745370.608975,True
2025-06-30,OPUSDT,17363056.893535003,True
2025-06-30,HBARUSDT,16261582.28038,True
2025-06-30,DOTUSDT,15907243.615,True
2025-06-30,BONKUSDT,14992183.19044184,True
2025-06-30,TONUSDT,14522864.20361,True
2025-06-30,SHIBUSDT,14101892.67710508,True
2025-06-30,TIAUSDT,13098058.322829999,True
2025-06-30,INJUSDT,13097807.891800001,True
2025-06-30,RUNEUSDT,12231911.73685,True
2025-06-30,LDOUSDT,12052837.938945,True
2025-06-30,XLMUSDT,11241262.03515,True
2025-06-30,MKRUSDT,10479226.7458,True
2025-06-30,FILUSDT,10348772.94595,True
2025-06-30,ICPUSDT,8929479.587815,True
2025-06-30,COMPUSDT,8140175.84502,False
2025-06-30,MASKUSDT,7387249.91265,True
2025-06-30,JUPUSDT,7038465.00916,True
2025-06-30,ORDIUSDT,6325158.136595,True
2025-06-30,DYDXUSDT,6095908.059394499,True
2025-06-30,ETCUSDT,5618478.1293,True
2025-06-30,ENSUSDT,5127522.6804,True
2025-06-30,ATOMUSDT,5113024.00488,True
2025-06-30,JTOUSDT,4800796.2961,False
2025-06-30,ALGOUSDT,4741978.7143,True
2025-06-30,VETUSDT,4514721.7545065,True
2025-06-30,APEUSDT,4324621.998311,False
2025-06-30,STXUSDT,3831209.0544,True
2025-06-30,NEOUSDT,3793338.15235,False
2025-06-30,MANTAUSDT,3776788.1214,False
2025-06-30,PYTHUSDT,3659183.812565,False
2025-06-30,SANDUSDT,3436720.69565,True
2025-06-30,STRKUSDT,3432551.2992094997,False
2025-06-30,SUSHIUSDT,3277178.7775499998,False
2025-06-30,IMXUSDT,3276449.358205,False
2025-06-30,GRTUSDT,3058176.3726500003,False
2025-06-30,THETAUSDT,2728322.5077,False
2025-06-30,ZECUSDT,2261779.946325,False
2025-06-30,AXSUSDT,2127479.0662200004,False
2025-06-30,IOTAUSDT,2080351.5957,False
2025-06-30,KAVAUSDT,1747415.284955,False
2025-06-30,BLURUSDT,1737662.87203,False
2025-06-30,MANAUSDT,1705444.2026,False
2025-06-30,CHZUSDT,1589002.424025,False
2025-06-30,EGLDUSDT,1422483.1881,False
2025-06-30,ENJUSDT,1378500.11123,False
2025-06-30,ONEUSDT,1334894.729764,False
2025-06-30,SNXUSDT,1283389.27755,False
2025-06-30,XTZUSDT,1227516.49692,False
2025-06-30,1INCHUSDT,1171284.2804,False
2025-06-30,YFIUSDT,1094788.178855,False
2025-06-30,BATUSDT,1092131.54005,False
2025-06-30,DASHUSDT,1061853.08567,False
2025-07-31,ETHUSDT,2101719043.6281052,True
2025-07-31,BTCUSDT,1810689480.9543161,True
2025-07-31,XRPUSDT,707970771.193915,True
2025-07-31,SOLUSDT,506855318.23397,True
2025-07-31,DOGEUSDT,259956960.37876,True
2025-07-31,SUIUSDT,238964262.92053,True
2025-07-31,PEPEUSDT,218429054.1983657,True
2025-07-31,BONKUSDT,148511881.27550602,True
2025-07-31,TRXUSDT,143151762.56049,True
2025-07-31,ADAUSDT,129061453.41586,True
2025-07-31,ENAUSDT,94884256.27481401,True
2025-07-31,UNIUSDT,91278216.783255,True
2025-07-31,HBARUSDT,90817007.62715,True
2025-07-31,WIFUSDT,70916314.25555,True
2025-07-31,LINKUSDT,64928435.856649995,True
2025-07-31,AVAXUSDT,62437792.7845,True
2025-07-31,XLMUSDT,58484992.2752,True
2025-07-31,LTCUSDT,52844361.88271,True
2025-07-31,CRVUSDT,51532307.798505,True
2025-07-31,AAVEUSDT,48511735.90435,True
2025-07-31,SEIUSDT,47525889.540285006,True
2025-07-31,WLDUSDT,43193913.2719,True
2025-07-31,ARBUSDT,39261698.948410004,True
2025-07-31,NEARUSDT,33050347.85015,True
2025-07-31,DOTUSDT,29059853.072815,True
2025-07-31,BCHUSDT,28115360.4751,True
2025-07-31,SHIBUSDT,27997575.03243357,True
2025-07-31,OPUSDT,27890090.72777,True
2025-07-31,FETUSDT,25938605.76455,True
2025-07-31,TONUSDT,25547334.79907,True
2025-07-31,TIAUSDT,22348005.232675,True
2025-07-31,LDOUSDT,19601440.584119998,True
2025-07-31,INJUSDT,17778834.931,True
2025-07-31,FILUSDT,17520591.18118,True
2025-07-31,RUNEUSDT,16474640.576450001,True
2025-07-31,ENSUSDT,15775935.715799998,True
2025-07-31,ALGOUSDT,14755607.78435,True
2025-07-31,ORDIUSDT,12348996.881135,True
2025-07-31,ETCUSDT,11519248.2388,True
2025-07-31,ICPUSDT,10861581.943720002,True
2025-07-31,VETUSDT,10191845.4692565,True
2025-07-31,JUPUSDT,10118032.797035001,True
2025-07-31,MKRUSDT,10010985.47758,True
2025-07-31,ATOMUSDT,9631130.358989999,True
2025-07-31,COMPUSDT,9080355.310905,True
2025-07-31,SANDUSDT,6212858.877350001,True
2025-07-31,STRKUSDT,5754028.1138105,False
2025-07-31,JTOUSDT,5734588.472750001,True
2025-07-31,SUSHIUSDT,5558799.8654,False
2025-07-31,IOTAUSDT,5450548.347750001,False
2025-07-31,DYDXUSDT,5093255.5155095,True
2025-07-31,NEOUSDT,4436447.50005,False
2025-07-31,1INCHUSDT,4348678.08505,False
2025-07-31,GRTUSDT,4300276.28515,False
2025-07-31,STXUSDT,4217307.87715,True
2025-07-31,THETAUSDT,4151325.2269,False
2025-07-31,APEUSDT,4017980.1544270003,False
2025-07-31,PYTHUSDT,3812939.35666,False
2025-07-31,AXSUSDT,3706964.3662550002,False
2025-07-31,XTZUSDT,3657052.7794899996,False
2025-07-31,MANAUSDT,3589131.59605,False
2025-07-31,MASKUSDT,3526412.37455,True
2025-07-31,IMXUSDT,3178222.8037,False
2025-07-31,MANTAUSDT,3120780.8932999996,False
2025-07-31,BLURUSDT,3011801.62952,False
2025-07-31,KAVAUSDT,2730966.123875,False
2025-07-31,CHZUSDT,2554659.039605,False
2025-07-31,ZECUSDT,2107253.0315549998,False
2025-07-31,EGLDUSDT,2085113.9802,False
2025-07-31,ENJUSDT,2046529.564585,False
2025-07-31,ONEUSDT,1973606.4515075,False
2025-07-31,GMXUSDT,1887344.8747200002,False
2025-07-31,DYMUSDT,1884731.9383,False
2025-07-31,YFIUSDT,1860612.414605,False
2025-07-31,DASHUSDT,1857860.896415,False
2025-07-31,BATUSDT,1464234.80505,False
2025-07-31,SNXUSDT,1458961.9072500002,False
2025-07-31,ZILUSDT,1323462.396693,False
2025-08-31,ETHUSDT,2826687301.095535,True
2025-08-31,BTCUSDT,1529114612.5138793,True
2025-08-31,SOLUSDT,695051016.215325,True
2025-08-31,XRPUSDT,442477650.749825,True
2025-08-31,DOGEUSDT,284806864.12882996,True
2025-08-31,LINKUSDT,182642996.11290002,True
2025-08-31,SUIUSDT,167472740.269395,True
2025-08-31,TRXUSDT,163902538.874405,True
2025-08-31,ENAUSDT,163627950.858834,True
2025-08-31,ADAUSDT,142876220.63035,True
2025-08-31,PEPEUSDT,105796145.42944214,True
2025-08-31,LTCUSDT,69328857.80864501,True
2025-08-31,ARBUSDT,68677933.468915,True
2025-08-31,AVAXUSDT,67133716.4833,True
2025-08-31,UNIUSDT,66023606.924365,True
2025-08-31,HBARUSDT,48795379.790905,True
2025-08-31,AAVEUSDT,46180618.704339996,True
2025-08-31,BONKUSDT,45602480.28729606,True
2025-08-31,SEIUSDT,38888940.584775,True
2025-08-31,XLMUSDT,34731460.1002,True
2025-08-31,WLDUSDT,34352831.58485,True
2025-08-31,WIFUSDT,34077317.925355,True
2025-08-31,CRVUSDT,33981970.837865,True
2025-08-31,LDOUSDT,29180401.215462998,True
2025-08-31,TONUSDT,27939270.973284997,True
2025-08-31,DOTUSDT,26593047.742615,True
2025-08-31,NEARUSDT,26046862.79015,True
2025-08-31,OPUSDT,24851095.5310315,True
2025-08-31,BCHUSDT,21069467.6405,True
2025-08-31,SHIBUSDT,17945168.102647964,True
2025-08-31,ETCUSDT,15169558.67,True
2025-08-31,TIAUSDT,15001411.945445001,True
2025-08-31,FILUSDT,14948223.613935001,True
2025-08-31,INJUSDT,14519721.88975,True
2025-08-31,FETUSDT,12500607.44955,True
2025-08-31,ALGOUSDT,11487873.329599999,True
2025-08-31,ICPUSDT,10222560.948915001,True
2025-08-31,ENSUSDT,9873559.37995,True
2025-08-31,VETUSDT,9252770.4807205,True
2025-08-31,RUNEUSDT,9207091.078949999,True
2025-08-31,JUPUSDT,8336536.42259,True
2025-08-31,ORDIUSDT,8329677.01336,True
2025-08-31,ATOMUSDT,8151056.96298,True
2025-08-31,MKRUSDT,7308867.776675,True
2025-08-31,STRKUSDT,5584623.1049875,True
2025-08-31,DYDXUSDT,5219000.2455665,True
2025-08-31,NEOUSDT,4997060.543099999,False
2025-08-31,SUSHIUSDT,4925244.03339,True
2025-08-31,SANDUSDT,4729042.89035,True
2025-08-31,APEUSDT,4299230.519959,False
2025-08-31,JTOUSDT,4075455.84755,True
2025-08-31,GRTUSDT,3852048.8116,False
2025-08-31,THETAUSDT,3821037.1403,False
2025-08-31,COMPUSDT,3731912.921825,True
2025-08-31,PYTHUSDT,3256067.00084,False
2025-08-31,MANTAUSDT,3192884.928675,False
2025-08-31,IOTAUSDT,3185291.76305,False
2025-08-31,STXUSDT,3047525.5478999997,False
2025-08-31,KAVAUSDT,2957320.111265,False
2025-08-31,XTZUSDT,2845208.97725,False
2025-08-31,IMXUSDT,2512999.71317,False
2025-08-31,AXSUSDT,2450280.488085,False
2025-08-31,GMXUSDT,2407059.166355,False
2025-08-31,MANAUSDT,2329396.0808499996,False
2025-08-31,CHZUSDT,2267391.8277700003,False
2025-08-31,1INCHUSDT,2096934.31135,False
2025-08-31,MASKUSDT,1842951.2672000001,False
2025-08-31,ZECUSDT,1838960.104615,False
2025-08-31,EGLDUSDT,1817369.0783,False
2025-08-31,SNXUSDT,1799195.1997500001,False
2025-08-31,BLURUSDT,1793968.9693149999,False
2025-08-31,ENJUSDT,1771082.66896,False
2025-08-31,DASHUSDT,1732269.956215,False
2025-08-31,DYMUSDT,1571711.15905,False
2025-08-31,ONEUSDT,1555548.0103365001,False
2025-08-31,YFIUSDT,1490621.482425,False
2025-08-31,BATUSDT,1255952.39275,False
2025-08-31,ZILUSDT,1210278.8196740001,False
2025-09-30,ETHUSDT,1688855679.049398,True
2025-09-30,BTCUSDT,1389170214.3881426,True
2025-09-30,SOLUSDT,871322063.112325,True
2025-09-30,XRPUSDT,339195022.814645,True
2025-09-30,DOGEUSDT,334253188.04469,True
2025-09-30,AVAXUSDT,119530244.52895,True
2025-09-30,SUIUSDT,108506507.70730999,True
2025-09-30,TRXUSDT,101232237.98811999,True
2025-09-30,ENAUSDT,99800684.488359,True
2025-09-30,ADAUSDT,96145106.70421,True
2025-09-30,LINKUSDT,86598674.26405,True
2025-09-30,PEPEUSDT,84325255.79686767,True
2025-09-30,WLDUSDT,65935627.20115,True
2025-09-30,LTCUSDT,45436465.41999,True
2025-09-30,ARBUSDT,44330872.844595,True
2025-09-30,UNIUSDT,35756788.99239,True
2025-09-30,BONKUSDT,32459123.51629913,True
2025-09-30,NEARUSDT,31459230.338600002,True
2025-09-30,HBARUSDT,31405127.091875,True
2025-09-30,AAVEUSDT,30873835.830545,True
2025-09-30,DOTUSDT,29075732.11614,True
2025-09-30,SEIUSDT,27884610.57811,True
2025-09-30,WIFUSDT,24644129.902355,True
2025-09-30,BCHUSDT,23594310.7832,True
2025-09-30,XLMUSDT,20635519.57635,True
2025-09-30,LDOUSDT,18910817.898638,True
2025-09-30,SHIBUSDT,17656285.601791166,True
2025-09-30,CRVUSDT,16948116.634455003,True
2025-09-30,OPUSDT,15867462.3763135,True
2025-09-30,FILUSDT,15121586.819194999,True
2025-09-30,TONUSDT,13884635.595830001,True
2025-09-30,PYTHUSDT,13308169.60053,False
2025-09-30,TIAUSDT,12743133.569005,True
2025-09-30,ETCUSDT,11497542.45425,True
2025-09-30,FETUSDT,10660146.19855,True
2025-09-30,ICPUSDT,9489984.85484,True
2025-09-30,INJUSDT,9133668.5626,True
2025-09-30,JUPUSDT,7314791.64207,True
2025-09-30,MKRUSDT,7097857.38174,True
2025-09-30,ALGOUSDT,6931626.185149999,True
2025-09-30,ORDIUSDT,6496547.44893,True
2025-09-30,VETUSDT,6328985.494883,True
2025-09-30,ATOMUSDT,6222903.81433,True
2025-09-30,RUNEUSDT,6194934.51445,True
2025-09-30,IMXUSDT,5207368.018085,False
2025-09-30,DYDXUSDT,5009192.4114535,True
2025-09-30,ENSUSDT,4805946.7809500005,True
2025-09-30,STRKUSDT,4476560.920241,True
2025-09-30,SANDUSDT,4255363.668649999,True
2025-09-30,JTOUSDT,3998123.1232499997,True
2025-09-30,NEOUSDT,3485991.053825,False
2025-09-30,MANAUSDT,3394734.43975,False
2025-09-30,ZECUSDT,3358221.7982799998,False
2025-09-30,SUSHIUSDT,3226957.38658,True
2025-09-30,GRTUSDT,3205707.6551,False
2025-09-30,APEUSDT,3119350.0127705,False
2025-09-30,THETAUSDT,2792829.32265,False
2025-09-30,AXSUSDT,2602994.65889,False
2025-09-30,STXUSDT,2538495.5719,False
2025-09-30,COMPUSDT,2488345.66113,False
2025-09-30,IOTAUSDT,2240002.3693000004,False
2025-09-30,CHZUSDT,2114488.181735,False
2025-09-30,KAVAUSDT,2077981.070535,False
2025-09-30,EGLDUSDT,2047447.0972000002,False
2025-09-30,MANTAUSDT,1773263.73131,False
2025-09-30,GMXUSDT,1756680.1791949999,False
2025-09-30,XTZUSDT,1724136.69099,False
2025-09-30,BLURUSDT,1623705.565287,False
2025-09-30,DYMUSDT,1524897.88785,False
2025-09-30,1INCHUSDT,1522378.598395,False
2025-09-30,DASHUSDT,1457453.9535750002,False
2025-09-30,SNXUSDT,1430205.59665,False
2025-09-30,MASKUSDT,1305610.22865,False
2025-09-30,ONEUSDT,1282585.8485484999,False
2025-09-30,YFIUSDT,1164757.058585,False
2025-09-30,ZILUSDT,1131361.6722895,False
2025-09-30,ENJUSDT,1051923.79545,False
2025-10-31,BTCUSDT,2520256192.9508686,True
2025-10-31,ETHUSDT,2146152889.0986366,True
2025-10-31,SOLUSDT,793948645.6761,True
2025-10-31,XRPUSDT,329680659.901705,True
2025-10-31,DOGEUSDT,297298591.5792,True
2025-10-31,ZECUSDT,177323933.30078,False
2025-10-31,SUIUSDT,132128542.69054,True
2025-10-31,ADAUSDT,101353159.298575,True
2025-10-31,TRXUSDT,98353653.83286,True
2025-10-31,ENAUSDT,86283033.9477775,True
2025-10-31,LINKUSDT,84327207.86885,True
2025-10-31,PEPEUSDT,78138703.8950105,True
2025-10-31,AVAXUSDT,77120258.46360001,True
2025-10-31,LTCUSDT,62022937.952010006,True
2025-10-31,WLDUSDT,43417779.5559,True
2025-10-31,NEARUSDT,37774182.0594,True
2025-10-31,HBARUSDT,33068771.893260002,True
2025-10-31,AAVEUSDT,29099534.111670002,True
2025-10-31,BONKUSDT,28925847.571258128,True
2025-10-31,ARBUSDT,26978720.552879997,True
2025-10-31,DOTUSDT,26879960.02425,True
2025-10-31,WIFUSDT,26311042.90112,True
2025-10-31,BCHUSDT,26203378.46045,True
2025-10-31,UNIUSDT,26028412.762655,True
2025-10-31,SEIUSDT,24422933.535099998,True
2025-10-31,XLMUSDT,21150806.56485,True
2025-10-31,DASHUSDT,21148260.70009,False
2025-10-31,FETUSDT,21070966.7645,True
2025-10-31,CRVUSDT,19610154.99375,True
2025-10-31,LDOUSDT,17851905.148764,True
2025-10-31,FILUSDT,17519644.359485,True
2025-10-31,TONUSDT,16826055.430335,True
2025-10-31,SNXUSDT,15263483.42375,False
2025-10-31,OPUSDT,13951187.0595675,True
2025-10-31,SHIBUSDT,12947055.062973201,True
2025-10-31,TIAUSDT,12663954.766215,True
2025-10-31,ICPUSDT,11302602.860040002,True
2025-10-31,INJUSDT,8884443.345800001,True
2025-10-31,ETCUSDT,8763629.2938,True
2025-10-31,ATOMUSDT,7268111.385935,True
2025-10-31,STRKUSDT,7109961.387974,True
2025-10-31,ALGOUSDT,6938528.92585,True
2025-10-31,RUNEUSDT,6308583.26155,True
2025-10-31,ORDIUSDT,5821449.36356,True
2025-10-31,PYTHUSDT,5816670.647545,True
2025-10-31,VETUSDT,5752541.9046465,True
2025-10-31,ENSUSDT,5640073.8124,True
2025-10-31,APEUSDT,5179561.9812815,False
2025-10-31,DYDXUSDT,5142464.3355785,True
2025-10-31,JUPUSDT,5100580.349555001,True
2025-10-31,SANDUSDT,4528097.401699999,True
2025-10-31,NEOUSDT,4150157.26204,False
2025-10-31,IMXUSDT,4032990.2971550003,False
2025-10-31,SUSHIUSDT,4006113.669025,False
2025-10-31,JTOUSDT,3547866.1796,True
2025-10-31,BATUSDT,3429362.9151,False
2025-10-31,GRTUSDT,3357050.4416,False
2025-10-31,MANAUSDT,3082350.81955,False
2025-10-31,THETAUSDT,3041771.1054,False
2025-10-31,STXUSDT,2998653.563065,False
2025-10-31,IOTAUSDT,2617654.69415,False
2025-10-31,AXSUSDT,2539000.3382449998,False
2025-10-31,COMPUSDT,2314570.66004,False
2025-10-31,CHZUSDT,2313206.155135,False
2025-10-31,EGLDUSDT,2145926.54155,False
2025-10-31,KAVAUSDT,1883580.078705,False
2025-10-31,MANTAUSDT,1712640.582085,False
2025-10-31,XTZUSDT,1427359.95683,False
2025-10-31,YFIUSDT,1407178.1163050001,False
2025-10-31,1INCHUSDT,1305292.917905,False
2025-10-31,ONEUSDT,1209351.6087325,False
2025-10-31,BLURUSDT,1202019.9934365,False
2025-10-31,GMXUSDT,1114521.7652349998,False
2025-10-31,DYMUSDT,1062439.7764,False
2025-10-31,MASKUSDT,1008254.7141499999,False
2025-11-30,BTCUSDT,2205844605.868829,True
2025-11-30,ETHUSDT,1904929305.4153056,True
2025-11-30,ZECUSDT,668211700.13471,True
2025-11-30,SOLUSDT,574921258.88234,True
2025-11-30,XRPUSDT,339535721.59723,True
2025-11-30,DOGEUSDT,167913221.963505,True
2025-11-30,SUIUSDT,88400698.278135,True
2025-11-30,TRXUSDT,84156640.625175,True
2025-11-30,ICPUSDT,74360606.49302,True
2025-11-30,LINKUSDT,65348882.5198,True
2025-11-30,LTCUSDT,63414154.94721,True
2025-11-30,ADAUSDT,62721677.908105,True
2025-11-30,DASHUSDT,55948025.59803,True
2025-11-30,STRKUSDT,48953273.278955,True
2025-11-30,UNIUSDT,48119576.978075,True
2025-11-30,NEARUSDT,47714691.5334,True
2025-11-30,AVAXUSDT,46591501.93025,True
2025-11-30,ENAUSDT,43821435.224804,True
2025-11-30,PEPEUSDT,42026178.037375785,True
2025-11-30,FILUSDT,41820176.00721,True
2025-11-30,HBARUSDT,36049647.213235006,True
2025-11-30,BCHUSDT,32572253.627899997,True
2025-11-30,AAVEUSDT,28382242.029255,True
2025-11-30,WLDUSDT,23849431.7103,True
2025-11-30,FETUSDT,23317084.131695002,True
2025-11-30,DOTUSDT,21843317.147995,True
2025-11-30,ARBUSDT,21740794.667175002,True
2025-11-30,SEIUSDT,19859375.822195,True
2025-11-30,WIFUSDT,17880424.195885003,True
2025-11-30,BONKUSDT,14224803.130277285,True
2025-11-30,XLMUSDT,14066466.23055,True
2025-11-30,TONUSDT,13407606.483089998,True
2025-11-30,CRVUSDT,13189851.93211,True
2025-11-30,TIAUSDT,11263458.861365002,True
2025-11-30,OPUSDT,11036515.0004895,True
2025-11-30,SHIBUSDT,10950052.71964562,True
2025-11-30,ETCUSDT,10376146.04975,True
2025-11-30,INJUSDT,9856160.613650002,True
2025-11-30,LDOUSDT,8614685.510253001,True
2025-11-30,ATOMUSDT,6015957.56713,True
2025-11-30,BATUSDT,5626021.29655,False
2025-11-30,DYDXUSDT,4902897.919118499,True
2025-11-30,ALGOUSDT,4888052.2871,True
2025-11-30,VETUSDT,4723532.4806745,True
2025-11-30,ORDIUSDT,4104041.159285,True
2025-11-30,RUNEUSDT,3879246.41455,True
2025-11-30,SNXUSDT,3632876.33935,True
2025-11-30,JUPUSDT,3589523.6747850003,True
2025-11-30,MANTAUSDT,3485315.3928300003,False
2025-11-30,NEOUSDT,3432778.18662,False
2025-11-30,ENSUSDT,3233292.26085,True
2025-11-30,SUSHIUSDT,3096046.589365,False
2025-11-30,1INCHUSDT,3041660.840175,False
2025-11-30,PYTHUSDT,3041573.23097,True
2025-11-30,JTOUSDT,2573197.5566,False
2025-11-30,IMXUSDT,2432496.1982899997,False
2025-11-30,THETAUSDT,2394863.8773,False
2025-11-30,STXUSDT,2366477.498535,False
2025-11-30,GRTUSDT,2357840.16096,False
2025-11-30,APEUSDT,2335315.2755255,False
2025-11-30,SANDUSDT,2227372.6436,False
2025-11-30,IOTAUSDT,2116330.3241500002,False
2025-11-30,MANAUSDT,2107004.0529,False
2025-11-30,AXSUSDT,1986127.03624,False
2025-11-30,COMPUSDT,1829181.46722,False
2025-11-30,CHZUSDT,1734589.026415,False
2025-11-30,KAVAUSDT,1557815.644035,False
2025-11-30,XTZUSDT,1500535.824085,False
2025-11-30,DYMUSDT,1457436.277525,False
2025-11-30,EGLDUSDT,1153753.8219,False
2025-11-30,YFIUSDT,1100421.0075150002,False
2025-11-30,BLURUSDT,1001661.5797745001,False
2025-12-31,BTCUSDT,1479301722.2292068,True
2025-12-31,ETHUSDT,1165115877.356771,True
2025-12-31,SOLUSDT,395711505.76946497,True
2025-12-31,ZECUSDT,190271577.42111498,True
2025-12-31,XRPUSDT,163696304.06438,True
2025-12-31,DOGEUSDT,82199211.978535,True
2025-12-31,SUIUSDT,65805511.86168,True
2025-12-31,TRXUSDT,54057463.575509995,True
2025-12-31,ADAUSDT,42196234.985424995,True
2025-12-31,LINKUSDT,37184285.0616,True
2025-12-31,AVAXUSDT,32655436.50935,True
2025-12-31,PEPEUSDT,32585332.29788828,True
2025-12-31,BCHUSDT,28384482.5656,True
2025-12-31,ENAUSDT,26031055.043513,True
2025-12-31,LTCUSDT,24139242.508084998,True
2025-12-31,UNIUSDT,23671188.76028,True
2025-12-31,NEARUSDT,23120225.81295,True
2025-12-31,AAVEUSDT,17988577.76891,True
2025-12-31,WIFUSDT,13193856.709755,True
2025-12-31,HBARUSDT,13187644.690074999,True
2025-12-31,DOTUSDT,13130371.825865,True
2025-12-31,WLDUSDT,12771606.5321,True
2025-12-31,FILUSDT,12320896.11712,True
2025-12-31,ICPUSDT,11668199.293065,True
2025-12-31,ARBUSDT,10824194.706595,True
2025-12-31,DASHUSDT,10441572.498155002,True
2025-12-31,FETUSDT,9548130.204295,True
2025-12-31,TONUSDT,9350736.20847,True
2025-12-31,SEIUSDT,9159246.50871,True
2025-12-31,BONKUSDT,8921966.12137597,True
2025-12-31,XLMUSDT,8464728.01135,True
2025-12-31,SHIBUSDT,7452947.428461971,True
2025-12-31,STRKUSDT,7408448.6307205,True
2025-12-31,CRVUSDT,6244901.24907,True
2025-12-31,TIAUSDT,6083624.33622,True
2025-12-31,OPUSDT,5858083.3714905,True
2025-12-31,INJUSDT,4650154.29245,True
2025-12-31,LDOUSDT,4509156.9500385,True
2025-12-31,ETCUSDT,3944355.75955,True
2025-12-31,CHZUSDT,3829815.945945,False
2025-12-31,ORDIUSDT,3698519.084165,True
2025-12-31,ALGOUSDT,3024551.6437,True
2025-12-31,BATUSDT,2806752.3181,True
2025-12-31,VETUSDT,2765760.5148015,True
2025-12-31,ATOMUSDT,2761049.38259,True
2025-12-31,JUPUSDT,2068777.854585,True
2025-12-31,DYDXUSDT,1947974.275434,True
2025-12-31,SNXUSDT,1898531.7223,True
2025-12-31,RUNEUSDT,1849980.5271,True
2025-12-31,COMPUSDT,1838289.8978849999,False
2025-12-31,GRTUSDT,1696266.39383,False
2025-12-31,ENSUSDT,1619000.3648,False
2025-12-31,THETAUSDT,1614799.0646000002,False
2025-12-31,APEUSDT,1612218.7164265001,False
2025-12-31,MANAUSDT,1525338.0526,False
2025-12-31,IMXUSDT,1448053.8098,False
2025-12-31,JTOUSDT,1408346.0655,False
2025-12-31,NEOUSDT,1402195.73359,False
2025-12-31,PYTHUSDT,1375540.5879,False
2025-12-31,SANDUSDT,1351982.0241999999,False
2025-12-31,AXSUSDT,1335974.74008,False
2025-12-31,SUSHIUSDT,1126008.38375,False
2025-12-31,IOTAUSDT,1073545.24235,False
2025-12-31,STXUSDT,1018995.860085,False
2026-01-31,BTCUSDT,1371838758.1180477,True
2026-01-31,ETHUSDT,1078991957.997737,True
2026-01-31,SOLUSDT,366181456.66340005,True
2026-01-31,XRPUSDT,231909093.217265,True
2026-01-31,DOGEUSDT,114787269.98537499,True
2026-01-31,ZECUSDT,104413298.12200001,True
2026-01-31,SUIUSDT,77131336.30000499,True
2026-01-31,TRXUSDT,59305886.43535,True
2026-01-31,PEPEUSDT,58658527.39994846,True
2026-01-31,ADAUSDT,42682380.96053,True
2026-01-31,BCHUSDT,34098400.5546,True
2026-01-31,AVAXUSDT,31485401.21455,True
2026-01-31,LINKUSDT,30906248.2531,True
2026-01-31,LTCUSDT,28787078.993105,True
2026-01-31,ENAUSDT,25944939.1803075,True
2026-01-31,DASHUSDT,23959639.6368,True
2026-01-31,NEARUSDT,23091132.887900002,True
2026-01-31,UNIUSDT,21729404.531740002,True
2026-01-31,HBARUSDT,20080512.445534997,True
2026-01-31,AXSUSDT,17695647.717025,False
2026-01-31,FILUSDT,15857294.877700001,True
2026-01-31,BONKUSDT,15155597.978611756,True
2026-01-31,AAVEUSDT,13973684.9843,True
2026-01-31,WLDUSDT,13547197.629255,True
2026-01-31,ICPUSDT,12307936.20187,True
2026-01-31,WIFUSDT,12093910.07688,True
2026-01-31,DOTUSDT,11745006.204505,True
2026-01-31,FETUSDT,11112510.829805,True
2026-01-31,CHZUSDT,10793164.43,True
2026-01-31,ARBUSDT,10078923.70735,True
2026-01-31,XLMUSDT,9366228.156849999,True
2026-01-31,TONUSDT,9107983.52831,True
2026-01-31,SHIBUSDT,9010285.071915856,True
2026-01-31,SEIUSDT,6887559.743245,True
2026-01-31,OPUSDT,6627020.1117025,True
2026-01-31,CRVUSDT,6323407.956754999,True
2026-01-31,TIAUSDT,5618338.8602925,True
2026-01-31,STRKUSDT,5456044.239367,True
2026-01-31,INJUSDT,4907827.617865,True
2026-01-31,ETCUSDT,4820686.34985,True
2026-01-31,LDOUSDT,4315694.038058,True
2026-01-31,ATOMUSDT,3936923.319305,True
2026-01-31,ALGOUSDT,3389132.9616,True
2026-01-31,SANDUSDT,3306587.3389999997,False
2026-01-31,ORDIUSDT,2950474.2853349997,True
2026-01-31,VETUSDT,2732739.380833,True
2026-01-31,STXUSDT,2191981.238615,False
2026-01-31,IMXUSDT,2174527.271245,False
2026-01-31,JUPUSDT,2109728.45989,True
2026-01-31,RUNEUSDT,2047592.5823000001,True
2026-01-31,GRTUSDT,1965550.6694450001,False
2026-01-31,DYDXUSDT,1942610.0280355,True
2026-01-31,APEUSDT,1941033.680216,False
2026-01-31,MANAUSDT,1925959.4392,False
2026-01-31,IOTAUSDT,1842687.17055,False
2026-01-31,ENSUSDT,1837803.0543,False
2026-01-31,XTZUSDT,1754584.706765,False
2026-01-31,JTOUSDT,1647150.4636,False
2026-01-31,BATUSDT,1618410.41555,True
2026-01-31,PYTHUSDT,1412304.3838399998,False
2026-01-31,NEOUSDT,1377128.962355,False
2026-01-31,SNXUSDT,1374759.97975,True
2026-01-31,THETAUSDT,1365165.3088500001,False
2026-01-31,MANTAUSDT,1213684.544025,False
2026-01-31,COMPUSDT,1061249.229935,False
2026-02-28,BTCUSDT,1583628358.7355103,True
2026-02-28,ETHUSDT,1023614335.9523234,True
2026-02-28,SOLUSDT,311278569.870525,True
2026-02-28,XRPUSDT,233172070.966485,True
2026-02-28,DOGEUSDT,85401059.17666501,True
2026-02-28,ZECUSDT,66934162.264410004,True
2026-02-28,TRXUSDT,49693315.54232,True
2026-02-28,SUIUSDT,43381657.79355,True
2026-02-28,PEPEUSDT,42422377.156328216,True
2026-02-28,ADAUSDT,38328684.503594995,True
2026-02-28,AVAXUSDT,29224619.072750002,True
2026-02-28,LINKUSDT,27378595.56425,True
2026-02-28,LTCUSDT,20663477.386045,True
2026-02-28,NEARUSDT,20190854.29855,True
2026-02-28,BCHUSDT,19957653.90885,True
2026-02-28,UNIUSDT,19082300.370449997,True
2026-02-28,AAVEUSDT,16374851.083565,True
2026-02-28,HBARUSDT,14134711.79882,True
2026-02-28,ARBUSDT,13677728.808139998,True
2026-02-28,ENAUSDT,13453198.557409,True
2026-02-28,FILUSDT,11670974.034435,True
2026-02-28,DASHUSDT,10005366.832674999,True
2026-02-28,WLDUSDT,9761364.303355,True
2026-02-28,SHIBUSDT,9619095.925084855,True
2026-02-28,WIFUSDT,9307601.136355,True
2026-02-28,XLMUSDT,8724628.8267,True
2026-02-28,ICPUSDT,8654615.82156,True
2026-02-28,DOTUSDT,8214463.12731,True
2026-02-28,BONKUSDT,7022661.15732463,True
2026-02-28,OPUSDT,6963157.5181515,True
2026-02-28,TONUSDT,6731442.3532,True
2026-02-28,SEIUSDT,6390617.7054,True
2026-02-28,AXSUSDT,5712775.122525,True
2026-02-28,FETUSDT,5172112.92131,True
2026-02-28,CRVUSDT,4897612.43731,True
2026-02-28,ETCUSDT,4778298.7842999995,True
2026-02-28,CHZUSDT,4474933.80592,True
2026-02-28,INJUSDT,4378459.956405,True
2026-02-28,STRKUSDT,4310681.05484,True
2026-02-28,ATOMUSDT,4165991.02106,True
2026-02-28,TIAUSDT,3943244.538251,True
2026-02-28,LDOUSDT,2784798.480548,True
2026-02-28,JUPUSDT,2769978.00968,True
2026-02-28,ALGOUSDT,2635230.4318,True
2026-02-28,VETUSDT,2333086.1676775,True
2026-02-28,SNXUSDT,2310884.063,True
2026-02-28,JTOUSDT,2161888.296565,False
2026-02-28,RUNEUSDT,2145461.8348000003,True
2026-02-28,ORDIUSDT,2042434.33714,True
2026-02-28,ENSUSDT,1779089.4853500002,False
2026-02-28,APEUSDT,1652310.362464,False
2026-02-28,SANDUSDT,1547788.1464999998,False
2026-02-28,ZILUSDT,1542877.074665,False
2026-02-28,IOTAUSDT,1474638.98275,False
2026-02-28,STXUSDT,1407707.676565,False
2026-02-28,DYDXUSDT,1406204.5164299998,False
2026-02-28,PYTHUSDT,1232958.96698,False
2026-02-28,GRTUSDT,1120003.538125,False
2026-02-28,COMPUSDT,1053256.20374,False
2026-02-28,THETAUSDT,1027964.43785,False
2026-02-28,IMXUSDT,1011462.284831,False
2026-03-31,BTCUSDT,1553659587.1852593,True
2026-03-31,ETHUSDT,809283440.5669091,True
2026-03-31,SOLUSDT,269272037.958725,True
2026-03-31,XRPUSDT,155535825.26863998,True
2026-03-31,DOGEUSDT,77958174.361425,True
2026-03-31,ZECUSDT,46479049.257395,True
2026-03-31,TRXUSDT,36840637.520705,True
2026-03-31,ADAUSDT,34478574.06628,True
2026-03-31,PEPEUSDT,28197126.31655245,True
2026-03-31,SUIUSDT,27545729.799275,True
2026-03-31,LINKUSDT,27405309.66705,True
2026-03-31,NEARUSDT,18866513.185850002,True
2026-03-31,AVAXUSDT,18087825.2843,True
2026-03-31,LTCUSDT,17497105.20891,True
2026-03-31,FETUSDT,14883295.47465,True
2026-03-31,WLDUSDT,14802582.04755,True
2026-03-31,ENAUSDT,11632353.5460845,True
2026-03-31,BCHUSDT,10430783.522599999,True
2026-03-31,AAVEUSDT,9823288.79404,True
2026-03-31,UNIUSDT,9151243.38985,True
2026-03-31,FILUSDT,9076620.284139998,True
2026-03-31,DOTUSDT,8788859.524475,True
2026-03-31,HBARUSDT,8089718.919050001,True
2026-03-31,XLMUSDT,6592226.92215,True
2026-03-31,ICPUSDT,6394041.70418,True
2026-03-31,WIFUSDT,6324995.021910001,True
2026-03-31,TONUSDT,5981111.927035,True
2026-03-31,SHIBUSDT,5843940.24607645,True
2026-03-31,ARBUSDT,5198923.90423,True
2026-03-31,DASHUSDT,5118734.949209999,True
2026-03-31,BONKUSDT,4856487.51130235,True
2026-03-31,CRVUSDT,4583105.275765,True
2026-03-31,SEIUSDT,4468843.103475,True
2026-03-31,OPUSDT,3360219.580128,True
2026-03-31,CHZUSDT,3333579.316525,True
2026-03-31,TIAUSDT,2931207.3869765,True
2026-03-31,AXSUSDT,2573887.540795,True
2026-03-31,ETCUSDT,2350529.2372,True
2026-03-31,ATOMUSDT,2264243.54254,True
2026-03-31,INJUSDT,2254051.53468,True
2026-03-31,ALGOUSDT,2196581.3238000004,True
2026-03-31,LDOUSDT,2083950.5182855,True
2026-03-31,JUPUSDT,1952025.92827,True
2026-03-31,STRKUSDT,1902606.043519,True
2026-03-31,DYDXUSDT,1638063.031865,False
2026-03-31,VETUSDT,1456770.0147542,True
2026-03-31,APEUSDT,1412565.511142,False
2026-03-31,ORDIUSDT,1316366.35998,True
2026-03-31,IOTAUSDT,1286686.2255,False
2026-03-31,RUNEUSDT,1150261.8639500001,True
2026-03-31,SANDUSDT,1110875.62065,False
2026-04-30,BTCUSDT,1253514593.0699277,True
2026-04-30,ETHUSDT,616916822.2776074,True
2026-04-30,SOLUSDT,217110675.75545,True
2026-04-30,XRPUSDT,120194121.16648999,True
2026-04-30,DOGEUSDT,76037292.49309,True
2026-04-30,ZECUSDT,68154880.38566,True
2026-04-30,PEPEUSDT,35165929.375787325,True
2026-04-30,TRXUSDT,33115713.55116,True
2026-04-30,ADAUSDT,31276366.490515,True
2026-04-30,SUIUSDT,23360237.74169,True
2026-04-30,LINKUSDT,22301985.60115,True
2026-04-30,AVAXUSDT,21646076.9841,True
2026-04-30,AAVEUSDT,15479823.128504999,True
2026-04-30,LTCUSDT,13547183.242035,True
2026-04-30,NEARUSDT,13532802.966,True
2026-04-30,ENAUSDT,12821473.300464,True
2026-04-30,TONUSDT,12239941.254175,True
2026-04-30,FETUSDT,11156244.56113,True
2026-04-30,WLDUSDT,9161841.957394999,True
2026-04-30,UNIUSDT,8728597.479325,True
2026-04-30,DASHUSDT,8066373.2875149995,True
2026-04-30,XLMUSDT,7454217.28675,True
2026-04-30,HBARUSDT,7071045.8790649995,True
2026-04-30,DOTUSDT,6944569.757905001,True
2026-04-30,ENJUSDT,6877482.1007265,False
2026-04-30,ARBUSDT,6682548.506945,True
2026-04-30,BCHUSDT,5854932.1545,True
2026-04-30,SHIBUSDT,5616699.92449458,True
2026-04-30,BONKUSDT,5239702.447380969,True
2026-04-30,FILUSDT,5109362.325610001,True
2026-04-30,CHZUSDT,4706733.451305,True
2026-04-30,ALGOUSDT,4704482.331350001,True
2026-04-30,WIFUSDT,4579405.295935,True
2026-04-30,ORDIUSDT,4577358.25167,True
2026-04-30,SEIUSDT,4001376.2106665,True
2026-04-30,CRVUSDT,3792038.20295,True
2026-04-30,ICPUSDT,3476290.2899949998,True
2026-04-30,LDOUSDT,3139361.4076044997,True
2026-04-30,OPUSDT,2741083.527917,True
2026-04-30,DYDXUSDT,2662914.6884647002,True
2026-04-30,ETCUSDT,2601048.5301,True
2026-04-30,COMPUSDT,2457654.353795,False
2026-04-30,TIAUSDT,2416408.0741425,True
2026-04-30,INJUSDT,2379732.504555,True
2026-04-30,SANDUSDT,2247291.6927,False
2026-04-30,BLURUSDT,2137701.8549655,False
2026-04-30,AXSUSDT,2089105.982155,True
2026-04-30,STRKUSDT,1998749.974803,True
2026-04-30,ATOMUSDT,1848409.56425,True
2026-04-30,JUPUSDT,1828023.7199249999,True
2026-04-30,APEUSDT,1672992.6560595,False
2026-04-30,THETAUSDT,1619253.0404,False
2026-04-30,RUNEUSDT,1475398.675,True
2026-04-30,VETUSDT,1427385.1616281,True
2026-04-30,IOTAUSDT,1275284.13305,False
2026-04-30,PYTHUSDT,1162138.494395,False
2026-04-30,DYMUSDT,1159448.72223,False
2026-05-31,BTCUSDT,1158524057.7135673,True
2026-05-31,ETHUSDT,586681705.509649,True
2026-05-31,SOLUSDT,218404157.98698997,True
2026-05-31,XRPUSDT,109689213.144295,True
2026-05-31,DOGEUSDT,102322682.44409001,True
2026-05-31,ZECUSDT,74668506.745405,True
2026-05-31,TONUSDT,40619709.718015,True
2026-05-31,PEPEUSDT,36157953.93461934,True
2026-05-31,TRXUSDT,35786668.14073,True
2026-05-31,SUIUSDT,30427963.606435,True
2026-05-31,ADAUSDT,26434840.69083,True
2026-05-31,LINKUSDT,25007887.10865,True
2026-05-31,AVAXUSDT,18339714.923100002,True
2026-05-31,AAVEUSDT,16143912.521499999,True
2026-05-31,NEARUSDT,15050896.1717,True
2026-05-31,LTCUSDT,14787751.79424,True
2026-05-31,ENAUSDT,11656491.7676345,True
2026-05-31,UNIUSDT,10404613.74192,True
2026-05-31,DASHUSDT,10065768.117865,True
2026-05-31,ORDIUSDT,9441076.858399998,True
2026-05-31,XLMUSDT,9093863.83015,True
2026-05-31,WLDUSDT,8589072.974089999,True
2026-05-31,FETUSDT,8420926.3126,True
2026-05-31,CHZUSDT,6951225.707805,True
2026-05-31,HBARUSDT,6951210.55348,True
2026-05-31,SHIBUSDT,6942166.964492476,True
2026-05-31,FILUSDT,6628276.112265,True
2026-05-31,DOTUSDT,6505117.97733,True
2026-05-31,ARBUSDT,5987321.904915,True
2026-05-31,BCHUSDT,5728301.237500001,True
2026-05-31,BONKUSDT,5376153.0912741255,True
2026-05-31,SEIUSDT,4679844.477958,True
2026-05-31,INJUSDT,4633901.857480001,True
2026-05-31,TIAUSDT,4580096.369741,True
2026-05-31,ICPUSDT,4498762.99799,True
2026-05-31,LDOUSDT,4134917.8336815,True
2026-05-31,ALGOUSDT,3929426.546,True
2026-05-31,RUNEUSDT,3773262.0632499997,True
2026-05-31,WIFUSDT,3772501.75323,True
2026-05-31,APEUSDT,3647561.8874685,False
2026-05-31,CRVUSDT,3194586.993585,True
2026-05-31,ETCUSDT,2906197.0397,True
2026-05-31,SANDUSDT,2787915.8060999997,True
2026-05-31,OPUSDT,2779042.481757,True
2026-05-31,STRKUSDT,2468001.619132,True
2026-05-31,DYDXUSDT,2394945.8052792503,True
2026-05-31,ATOMUSDT,2340894.00779,True
2026-05-31,AXSUSDT,2268561.5712050004,True
2026-05-31,ENJUSDT,2117011.8526,True
2026-05-31,JUPUSDT,2002523.1066299998,True
2026-05-31,JTOUSDT,1728869.73477,False
2026-05-31,THETAUSDT,1627275.4109,False
2026-05-31,DYMUSDT,1586395.659675,False
2026-05-31,VETUSDT,1394530.5180930998,False
2026-05-31,IOTAUSDT,1275284.13305,False
2026-05-31,GRTUSDT,1246532.052985,False
2026-05-31,BLURUSDT,1151030.8322845,False
2026-05-31,COMPUSDT,1048529.67234,False
2026-05-31,ENSUSDT,1044587.2474499999,False
2026-05-31,PYTHUSDT,1029502.47437,False
2026-05-31,STXUSDT,1011218.68188,False
